Workbook

Sheet SUM ppob
B1: CASH FLOW
B2: BUMDES "BAROKAH" BALONGBESUK DIWEK JOMBANG
B3: TAHUN ANGGARAN 2021
B4: UNIT USAHA PPOB/AGEN POS
B7: CODE | C7: URAIAN | E7: 2021 | K7: TOTAL
E8: Januari | F8: Pebruari | G8: Maret | H8: April | I8: Mei | J8: Juni
B10: 1000 | C10: DANA AWAL | E10: =SUMIF('CTH lapak'!$B$8:$B$20,B10,'CTH lapak'!$E$8:$E$20) -> 0 | F10: =SUMIF('CTH lapak'!#REF!,B10,'CTH lapak'!#REF!) -> #REF! | G10: =SUMIF('CTH lapak'!#REF!,B10,'CTH lapak'!#REF!) -> #REF! | H10: =SUMIF('CTH lapak'!#REF!,B10,'CTH lapak'!#REF!) -> #REF! | I10: =SUMIF('CTH lapak'!#REF!,B10,'CTH lapak'!#REF!) -> #REF! | J10: =SUMIF('CTH lapak'!#REF!,B10,'CTH lapak'!#REF!) -> #REF! | K10: =SUM(D10:J10) -> #REF!
B12: 2000 | C12: PENDAPATAN | D12: =SUM(D13:D13) -> 0 | E12: =SUM(E13:E13) -> 16500000 | F12: =SUM(F13:F13) -> #REF! | G12: =SUM(G13:G13) -> #REF! | H12: =SUM(H13:H13) -> #REF! | I12: =SUM(I13:I13) -> #REF! | J12: =SUM(J13:J13) -> #REF! | K12: =SUM(K13:K13) -> #REF!
B13: 2001 | C13: Pendapatan Transaksi | E13: =SUMIF('CTH lapak'!$B$8:$B$20,B13,'CTH lapak'!$E$8:$E$20) -> 16500000 | F13: =SUMIF('CTH lapak'!#REF!,B13,'CTH lapak'!#REF!) -> #REF! | G13: =SUMIF('CTH lapak'!#REF!,B13,'CTH lapak'!#REF!) -> #REF! | H13: =SUMIF('CTH lapak'!#REF!,B13,'CTH lapak'!#REF!) -> #REF! | I13: =SUMIF('CTH lapak'!#REF!,B13,'CTH lapak'!#REF!) -> #REF! | J13: =SUMIF('CTH lapak'!#REF!,B13,'CTH lapak'!#REF!) -> #REF! | K13: =SUM(D13:J13) -> #REF!
B15: 3000 | C15: DEPOSITO | D15: =SUM(D16:D17) -> 0 | E15: =SUM(E16:E17) -> 0 | F15: =SUM(F16:F17) -> 0 | G15: =SUM(G16:G17) -> 0 | H15: =SUM(H16:H17) -> 0 | I15: =SUM(I16:I17) -> 0 | J15: =SUM(J16:J17) -> 0 | K15: =SUM(K16:K17) -> 0
B16: 3001 | C16: Deposito | E16: =SUMIF('cth gEDUNG'!$B$8:$B$26,B16,'cth gEDUNG'!$M$8:$M$26) -> 0 | F16: =SUMIF('cth gEDUNG'!$B$33:$B$49,B16,'cth gEDUNG'!$M$33:$M$49) -> 0 | G16: =SUMIF('cth gEDUNG'!$B$57:$B$67,B16,'cth gEDUNG'!$M$57:$M$67) -> 0 | H16: =SUMIF('cth gEDUNG'!$B$75:$B$88,B16,'cth gEDUNG'!$M$75:$M$88) -> 0 | I16: =SUMIF('cth gEDUNG'!$B$96:$B$110,B16,'cth gEDUNG'!$M$96:$M$110) -> 0 | J16: =SUMIF('cth gEDUNG'!$B$118:$B$135,B16,'cth gEDUNG'!$M$118:$M$135) -> 0 | K16: =SUM(D16:J16) -> 0
E17: =SUMIF('cth gEDUNG'!$B$8:$B$26,B17,'cth gEDUNG'!$E$8:$E$26) -> 0 | F17: =SUMIF('cth gEDUNG'!$B$33:$B$49,B17,'cth gEDUNG'!$E$33:$E$49) -> 0 | G17: =SUMIF('cth gEDUNG'!$B$57:$B$67,B17,'cth gEDUNG'!$E$57:$E$67) -> 0 | H17: =SUMIF('cth gEDUNG'!$B$75:$B$88,B17,'cth gEDUNG'!$E$75:$E$88) -> 0 | I17: =SUMIF('cth gEDUNG'!$B$96:$B$110,B17,'cth gEDUNG'!$E$96:$E$110) -> 0 | J17: =SUMIF('cth gEDUNG'!$B$118:$B$135,B17,'cth gEDUNG'!$E$118:$E$135) -> 0 | K17: =SUM(D17:J17) -> 0
C19: TOTAL MASUK | D19: =D10+D12+D15 -> 0 | E19: =E10+E12+E15 -> 16500000 | F19: =F10+F12+F15 -> #REF! | G19: =G10+G12+G15 -> #REF! | H19: =H10+H12+H15 -> #REF! | I19: =I10+I12+I15 -> #REF! | J19: =J10+J12+J15 -> #REF! | K19: =K10+K12+K15 -> #REF!
K20: =SUM(E20:G20) -> 0
B21: 5000 | C21: BELANJA | E21: =E22 -> 3734850 | F21: =F22 -> #REF! | G21: =G22 -> #REF! | H21: =H22 -> #REF! | I21: =I22 -> #REF! | J21: =J22 -> #REF! | K21: =K22 -> #REF!
B22: 5100 | C22: Operasional | E22: =SUM(E23:E29) -> 3734850 | F22: =SUM(F23:F29) -> #REF! | G22: =SUM(G23:G29) -> #REF! | H22: =SUM(H23:H29) -> #REF! | I22: =SUM(I23:I29) -> #REF! | J22: =SUM(J23:J29) -> #REF! | K22: =SUM(K23:K29) -> #REF!
B23: 5101 | C23: Gaji/Honor Pegawai | E23: =SUMIF('CTH lapak'!$B$8:$B$20,B23,'CTH lapak'!$F$8:$F$20) -> 0 | F23: =SUMIF('CTH lapak'!#REF!,B23,'CTH lapak'!#REF!) -> #REF! | G23: =SUMIF('CTH lapak'!#REF!,B23,'CTH lapak'!#REF!) -> #REF! | H23: =SUMIF('CTH lapak'!#REF!,B23,'CTH lapak'!#REF!) -> #REF! | I23: =SUMIF('CTH lapak'!#REF!,B23,'CTH lapak'!#REF!) -> #REF! | J23: =SUMIF('CTH lapak'!#REF!,B23,'CTH lapak'!#REF!) -> #REF! | K23: =SUM(D23:J23) -> #REF!
B24: 5102 | C24: Transportasi | E24: =SUMIF('CTH lapak'!$B$8:$B$20,B24,'CTH lapak'!$F$8:$F$20) -> 1300000 | F24: =SUMIF('CTH lapak'!#REF!,B24,'CTH lapak'!#REF!) -> #REF! | G24: =SUMIF('CTH lapak'!#REF!,B24,'CTH lapak'!#REF!) -> #REF! | H24: =SUMIF('CTH lapak'!#REF!,B24,'CTH lapak'!#REF!) -> #REF! | I24: =SUMIF('CTH lapak'!#REF!,B24,'CTH lapak'!#REF!) -> #REF! | J24: =SUMIF('CTH lapak'!#REF!,B24,'CTH lapak'!#REF!) -> #REF! | K24: =SUM(D24:J24) -> #REF!
B25: 5103 | C25: Peralatan Kebersihan | E25: =SUMIF('CTH lapak'!$B$8:$B$20,B25,'CTH lapak'!$F$8:$F$20) -> 0 | F25: =SUMIF('CTH lapak'!#REF!,B25,'CTH lapak'!#REF!) -> #REF! | G25: =SUMIF('CTH lapak'!#REF!,B25,'CTH lapak'!#REF!) -> #REF! | H25: =SUMIF('CTH lapak'!#REF!,B25,'CTH lapak'!#REF!) -> #REF! | I25: =SUMIF('CTH lapak'!#REF!,B25,'CTH lapak'!#REF!) -> #REF! | J25: =SUMIF('CTH lapak'!#REF!,B25,'CTH lapak'!#REF!) -> #REF! | K25: =SUM(D25:J25) -> #REF!
B26: 5104 | C26: Listrik | E26: =SUMIF('CTH lapak'!$B$8:$B$20,B26,'CTH lapak'!$F$8:$F$20) -> 0 | F26: =SUMIF('CTH lapak'!#REF!,B26,'CTH lapak'!#REF!) -> #REF! | G26: =SUMIF('CTH lapak'!#REF!,B26,'CTH lapak'!#REF!) -> #REF! | H26: =SUMIF('CTH lapak'!#REF!,B26,'CTH lapak'!#REF!) -> #REF! | I26: =SUMIF('CTH lapak'!#REF!,B26,'CTH lapak'!#REF!) -> #REF! | J26: =SUMIF('CTH lapak'!#REF!,B26,'CTH lapak'!#REF!) -> #REF! | K26: =SUM(D26:J26) -> #REF!
B27: 5105 | C27: Peralatan Listrik | E27: =SUMIF('CTH lapak'!$B$8:$B$20,B27,'CTH lapak'!$F$8:$F$20) -> 0 | F27: =SUMIF('CTH lapak'!#REF!,B27,'CTH lapak'!#REF!) -> #REF! | G27: =SUMIF('CTH lapak'!#REF!,B27,'CTH lapak'!#REF!) -> #REF! | H27: =SUMIF('CTH lapak'!#REF!,B27,'CTH lapak'!#REF!) -> #REF! | I27: =SUMIF('CTH lapak'!#REF!,B27,'CTH lapak'!#REF!) -> #REF! | J27: =SUMIF('CTH lapak'!#REF!,B27,'CTH lapak'!#REF!) -> #REF! | K27: =SUM(D27:J27) -> #REF!
B28: 5106 | C28: Perlengkapan | E28: =SUMIF('CTH lapak'!$B$8:$B$20,B28,'CTH lapak'!$F$8:$F$20) -> 0 | F28: =SUMIF('CTH lapak'!#REF!,B28,'CTH lapak'!#REF!) -> #REF! | G28: =SUMIF('CTH lapak'!#REF!,B28,'CTH lapak'!#REF!) -> #REF! | H28: =SUMIF('CTH lapak'!#REF!,B28,'CTH lapak'!#REF!) -> #REF! | I28: =SUMIF('CTH lapak'!#REF!,B28,'CTH lapak'!#REF!) -> #REF! | J28: =SUMIF('CTH lapak'!#REF!,B28,'CTH lapak'!#REF!) -> #REF! | K28: =SUM(D28:J28) -> #REF!
B29: 5109 | C29: Perawaan Lain-Lain | E29: =SUMIF('CTH lapak'!$B$8:$B$20,B29,'CTH lapak'!$F$8:$F$20) -> 2434850 | F29: =SUMIF('CTH lapak'!#REF!,B29,'CTH lapak'!#REF!) -> #REF! | G29: =SUMIF('CTH lapak'!#REF!,B29,'CTH lapak'!#REF!) -> #REF! | H29: =SUMIF('CTH lapak'!#REF!,B29,'CTH lapak'!#REF!) -> #REF! | I29: =SUMIF('CTH lapak'!#REF!,B29,'CTH lapak'!#REF!) -> #REF! | J29: =SUMIF('CTH lapak'!#REF!,B29,'CTH lapak'!#REF!) -> #REF! | K29: =SUM(D29:J29) -> #REF!
K30: =SUM(D30:J30) -> 0
B31: 5200 | C31: PERLENGKAPAN | E31: =E32 -> 1200000 | F31: =F32 -> #REF! | G31: =G32 -> #REF! | H31: =H32 -> #REF! | I31: =I32 -> #REF! | J31: =J32 -> #REF! | K31: =SUM(D31:J31) -> #REF!
B32: 5201 | C32: Printer | E32: =SUMIF('CTH lapak'!$B$8:$B$20,B32,'CTH lapak'!$F$8:$F$20) -> 1200000 | F32: =SUMIF('CTH lapak'!#REF!,B32,'CTH lapak'!#REF!) -> #REF! | G32: =SUMIF('CTH lapak'!#REF!,B32,'CTH lapak'!#REF!) -> #REF! | H32: =SUMIF('CTH lapak'!#REF!,B32,'CTH lapak'!#REF!) -> #REF! | I32: =SUMIF('CTH lapak'!#REF!,B32,'CTH lapak'!#REF!) -> #REF! | J32: =SUMIF('CTH lapak'!#REF!,B32,'CTH lapak'!#REF!) -> #REF! | K32: =SUM(D32:J32) -> #REF!
B34: 3000 | C34: DEPOSIT | E34: =SUM(E35:E35) -> 0 | F34: =SUM(F35:F35) -> 0 | G34: =SUM(G35:G35) -> 0 | H34: =SUM(H35:H35) -> 0 | I34: =SUM(I35:I35) -> 0 | J34: =SUM(J35:J35) -> 0 | K34: =SUM(K35:K35) -> 0
B35: 3001 | C35: DEPOSIT | K35: =SUM(D35:J35) -> 0
E36: =SUMIF('cth gEDUNG'!$B$8:$B$26,B36,'cth gEDUNG'!$F$8:$F$26) -> 0 | F36: =SUMIF('cth gEDUNG'!$B$33:$B$49,B36,'cth gEDUNG'!$F$33:$F$49) -> 0 | G36: =SUMIF('cth gEDUNG'!$B$57:$B$67,B36,'cth gEDUNG'!$F$57:$F$67) -> 0 | H36: =SUMIF('cth gEDUNG'!$B$75:$B$88,B36,'cth gEDUNG'!$F$75:$F$88) -> 0 | I36: =SUMIF('cth gEDUNG'!$B$96:$B$110,B36,'cth gEDUNG'!$F$96:$F$110) -> 0 | J36: =SUMIF('cth gEDUNG'!$B$118:$B$135,B36,'cth gEDUNG'!$F$118:$F$135) -> 0 | K36: =SUM(E36:J36) -> 0
C37: JUMLAH | E37: =E34+E21+E31 -> 4934850 | F37: =F34+F21+F31 -> #REF! | G37: =G34+G21+G31 -> #REF! | H37: =H34+H21+H31 -> #REF! | I37: =I34+I21+I31 -> #REF! | J37: =J34+J21+J31 -> #REF! | K37: =K34+K21 -> #REF!
C38: SURPLUS / DEVISIT | E38: =E19-E37 -> 11565150 | F38: =F19-F37 -> #REF! | G38: =G19-G37 -> #REF! | H38: =H19-H37 -> #REF! | I38: =I19-I37 -> #REF! | J38: =J19-J37 -> #REF! | K38: =K19-K37 -> #REF!
B41: CASH FLOW
B42: BUMDES "BAROKAH" BALONGBESUK DIWEK JOMBANG
B43: TAHUN ANGGARAN 2021
B44: UNIT USAHA GEDUNG SERBA GUNA
B47: CODE | C47: URAIAN | D47: S/D JUNI | E47: 2021 | K47: TOTAL
E48: Juli | F48: Agustus | G48: September | H48: Oktober | I48: Nopember | J48: Desember
B50: 1000 | C50: DANA AWAL | D50: =K10 -> #REF! | F50: =SUMIF('cth sp'!$B$89:$B$107,B50,'cth sp'!$E$89:$E$107) -> 0 | K50: =SUM(E50:G50) -> 0
B52: 2000 | C52: PENDAPATAN | D52: =SUM(D53:D53) -> #REF! | E52: =SUM(E53:E53) -> #REF! | F52: =SUM(F53:F53) -> #REF! | G52: =SUM(G53:G53) -> #REF! | H52: =SUM(H53:H53) -> #REF! | I52: =SUM(I53:I53) -> #REF! | J52: =SUM(J53:J53) -> #REF! | K52: =SUM(K53:K53) -> #REF!
B53: 2001 | C53: Pendapatan Transaksi | D53: =K13 -> #REF! | E53: =SUMIF('CTH lapak'!#REF!,B53,'CTH lapak'!#REF!) -> #REF! | F53: =SUMIF('CTH lapak'!#REF!,B53,'CTH lapak'!#REF!) -> #REF! | G53: =SUMIF('CTH lapak'!#REF!,B53,'CTH lapak'!#REF!) -> #REF! | H53: =SUMIF('CTH lapak'!#REF!,B53,'CTH lapak'!#REF!) -> #REF! | I53: =SUMIF('CTH lapak'!#REF!,B53,'CTH lapak'!#REF!) -> #REF! | J53: =SUMIF('CTH lapak'!#REF!,B53,'CTH lapak'!#REF!) -> #REF! | K53: =SUM(D53:J53) -> #REF!
B55: 3000 | C55: DEPOSITO | D55: =SUM(D56:D57) -> 0 | E55: =SUM(E56:E57) -> #REF! | F55: =SUM(F56:F57) -> #REF! | G55: =SUM(G56:G57) -> #REF! | H55: =SUM(H56:H57) -> #REF! | I55: =SUM(I56:I57) -> #REF! | J55: =SUM(J56:J57) -> #REF! | K55: =SUM(K56:K57) -> #REF!
B56: 3001 | C56: Deposito/PENJUALAN | D56: =K16 -> 0 | E56: =SUMIF('CTH lapak'!#REF!,B56,'CTH lapak'!#REF!) -> #REF! | F56: =SUMIF('CTH lapak'!#REF!,B56,'CTH lapak'!#REF!) -> #REF! | G56: =SUMIF('CTH lapak'!#REF!,B56,'CTH lapak'!#REF!) -> #REF! | H56: =SUMIF('CTH lapak'!#REF!,B56,'CTH lapak'!#REF!) -> #REF! | I56: =SUMIF('CTH lapak'!#REF!,B56,'CTH lapak'!#REF!) -> #REF! | J56: =SUMIF('CTH lapak'!#REF!,B56,'CTH lapak'!#REF!) -> #REF! | K56: =SUM(D56:J56) -> #REF!
D57: =K17 -> 0 | E57: =SUMIF('cth gEDUNG'!$B$142:$B$158,B57,'cth gEDUNG'!$E$142:$E$158) -> 0 | F57: =SUMIF('cth gEDUNG'!$B$165:$B$181,B57,'cth gEDUNG'!$E$165:$E$181) -> 0 | G57: =SUMIF('cth gEDUNG'!$B$188:$B$202,B57,'cth gEDUNG'!$E$188:$E$202) -> 0 | H57: =SUMIF('cth gEDUNG'!$B$209:$B$224,B57,'cth gEDUNG'!$E$209:$E$224) -> 0 | I57: =SUMIF('cth gEDUNG'!$B$231:$B$249,B57,'cth gEDUNG'!$E$231:$E$249) -> 0 | J57: =SUMIF('cth gEDUNG'!$B$256:$B$276,B57,'cth gEDUNG'!$E$256:$E$276) -> 0 | K57: =SUM(E57:J57) -> 0
C59: TOTAL MASUK | D59: =D50+D52+D55 -> #REF! | E59: =E50+E52+E55 -> #REF! | F59: =F50+F52+F55 -> #REF! | G59: =G50+G52+G55 -> #REF! | H59: =H50+H52+H55 -> #REF! | I59: =I50+I52+I55 -> #REF! | J59: =J50+J52+J55 -> #REF! | K59: =K50+K52+K55 -> #REF!
E60: =SUMIF('cth sp'!$B$9:$B$84,B60,'cth sp'!$E$9:$E$84) -> 0 | K60: =SUM(E60:G60) -> 0
B61: 5000 | C61: BELANJA | D61: =D62 -> #REF! | E61: =E62 -> #REF! | F61: =F62 -> #REF! | G61: =G62 -> #REF! | H61: =H62 -> #REF! | I61: =I62 -> #REF! | J61: =J62 -> #REF! | K61: =K62 -> #REF!
B62: 5100 | C62: Operasional | D62: =SUM(D63:D69) -> #REF! | E62: =SUM(E63:E69) -> #REF! | F62: =SUM(F63:F69) -> #REF! | G62: =SUM(G63:G69) -> #REF! | H62: =SUM(H63:H69) -> #REF! | I62: =SUM(I63:I69) -> #REF! | J62: =SUM(J63:J69) -> #REF! | K62: =SUM(K63:K69) -> #REF!
B63: 5101 | C63: Gaji/Honor Pegawai | D63: =K23 -> #REF! | E63: =SUMIF('CTH lapak'!#REF!,B63,'CTH lapak'!#REF!) -> #REF! | F63: =SUMIF('CTH lapak'!#REF!,B63,'CTH lapak'!#REF!) -> #REF! | G63: =SUMIF('CTH lapak'!#REF!,B63,'CTH lapak'!#REF!) -> #REF! | H63: =SUMIF('CTH lapak'!#REF!,B63,'CTH lapak'!#REF!) -> #REF! | I63: =SUMIF('CTH lapak'!#REF!,B63,'CTH lapak'!#REF!) -> #REF! | J63: =SUMIF('CTH lapak'!#REF!,B63,'CTH lapak'!#REF!) -> #REF! | K63: =SUM(D63:J63) -> #REF!
B64: 5102 | C64: ATK | D64: =K24 -> #REF! | E64: =SUMIF('CTH lapak'!#REF!,B64,'CTH lapak'!#REF!) -> #REF! | F64: =SUMIF('CTH lapak'!#REF!,B64,'CTH lapak'!#REF!) -> #REF! | G64: =SUMIF('CTH lapak'!#REF!,B64,'CTH lapak'!#REF!) -> #REF! | H64: =SUMIF('CTH lapak'!#REF!,B64,'CTH lapak'!#REF!) -> #REF! | I64: =SUMIF('CTH lapak'!#REF!,B64,'CTH lapak'!#REF!) -> #REF! | J64: =SUMIF('CTH lapak'!#REF!,B64,'CTH lapak'!#REF!) -> #REF! | K64: =SUM(D64:J64) -> #REF!
B65: 5103 | C65: Cetak | D65: =K25 -> #REF! | E65: =SUMIF('CTH lapak'!#REF!,B65,'CTH lapak'!#REF!) -> #REF! | F65: =SUMIF('CTH lapak'!#REF!,B65,'CTH lapak'!#REF!) -> #REF! | G65: =SUMIF('CTH lapak'!#REF!,B65,'CTH lapak'!#REF!) -> #REF! | H65: =SUMIF('CTH lapak'!#REF!,B65,'CTH lapak'!#REF!) -> #REF! | I65: =SUMIF('CTH lapak'!#REF!,B65,'CTH lapak'!#REF!) -> #REF! | J65: =SUMIF('CTH lapak'!#REF!,B65,'CTH lapak'!#REF!) -> #REF! | K65: =SUM(D65:J65) -> #REF!
B66: 5104 | C66: Listrik | D66: =K26 -> #REF! | E66: =SUMIF('CTH lapak'!#REF!,B66,'CTH lapak'!#REF!) -> #REF! | F66: =SUMIF('CTH lapak'!#REF!,B66,'CTH lapak'!#REF!) -> #REF! | G66: =SUMIF('CTH lapak'!#REF!,B66,'CTH lapak'!#REF!) -> #REF! | H66: =SUMIF('CTH lapak'!#REF!,B66,'CTH lapak'!#REF!) -> #REF! | I66: =SUMIF('CTH lapak'!#REF!,B66,'CTH lapak'!#REF!) -> #REF! | J66: =SUMIF('CTH lapak'!#REF!,B66,'CTH lapak'!#REF!) -> #REF! | K66: =SUM(D66:J66) -> #REF!
B67: 5105 | C67: Peralatan Listrik | D67: =K27 -> #REF! | E67: =SUMIF('CTH lapak'!#REF!,B67,'CTH lapak'!#REF!) -> #REF! | F67: =SUMIF('CTH lapak'!#REF!,B67,'CTH lapak'!#REF!) -> #REF! | G67: =SUMIF('CTH lapak'!#REF!,B67,'CTH lapak'!#REF!) -> #REF! | H67: =SUMIF('CTH lapak'!#REF!,B67,'CTH lapak'!#REF!) -> #REF! | I67: =SUMIF('CTH lapak'!#REF!,B67,'CTH lapak'!#REF!) -> #REF! | J67: =SUMIF('CTH lapak'!#REF!,B67,'CTH lapak'!#REF!) -> #REF! | K67: =SUM(D67:J67) -> #REF!
B68: 5106 | C68: Perlengkapan | D68: =K28 -> #REF! | E68: =SUMIF('CTH lapak'!#REF!,B68,'CTH lapak'!#REF!) -> #REF! | F68: =SUMIF('CTH lapak'!#REF!,B68,'CTH lapak'!#REF!) -> #REF! | G68: =SUMIF('CTH lapak'!#REF!,B68,'CTH lapak'!#REF!) -> #REF! | H68: =SUMIF('CTH lapak'!#REF!,B68,'CTH lapak'!#REF!) -> #REF! | I68: =SUMIF('CTH lapak'!#REF!,B68,'CTH lapak'!#REF!) -> #REF! | J68: =SUMIF('CTH lapak'!#REF!,B68,'CTH lapak'!#REF!) -> #REF! | K68: =SUM(D68:J68) -> #REF!
B69: 5109 | C69: Perawaan Lain-Lain | D69: =K29 -> #REF! | E69: =SUMIF('CTH lapak'!#REF!,B69,'CTH lapak'!#REF!) -> #REF! | F69: =SUMIF('CTH lapak'!#REF!,B69,'CTH lapak'!#REF!) -> #REF! | G69: =SUMIF('CTH lapak'!#REF!,B69,'CTH lapak'!#REF!) -> #REF! | H69: =SUMIF('CTH lapak'!#REF!,B69,'CTH lapak'!#REF!) -> #REF! | I69: =SUMIF('CTH lapak'!#REF!,B69,'CTH lapak'!#REF!) -> #REF! | J69: =SUMIF('CTH lapak'!#REF!,B69,'CTH lapak'!#REF!) -> #REF! | K69: =SUM(D69:J69) -> #REF!
K70: =SUM(E70:G70) -> 0
B71: 5200 | C71: PERLENGKAPAN | D71: =SUM(D72:D73) -> #REF! | E71: =SUM(E72:E73) -> #REF! | F71: =SUM(F72:F73) -> #REF! | G71: =SUM(G72:G73) -> #REF! | H71: =SUM(H72:H73) -> #REF! | I71: =SUM(I72:I73) -> #REF! | J71: =SUM(J72:J73) -> #REF! | K71: =SUM(K72:K73) -> #REF!
B72: 5201 | C72: Printer | D72: =K32 -> #REF! | E72: =SUMIF('CTH lapak'!#REF!,B72,'CTH lapak'!#REF!) -> #REF! | F72: =SUMIF('CTH lapak'!#REF!,B72,'CTH lapak'!#REF!) -> #REF! | G72: =SUMIF('CTH lapak'!#REF!,B72,'CTH lapak'!#REF!) -> #REF! | H72: =SUMIF('CTH lapak'!#REF!,B72,'CTH lapak'!#REF!) -> #REF! | I72: =SUMIF('CTH lapak'!#REF!,B72,'CTH lapak'!#REF!) -> #REF! | J72: =SUMIF('CTH lapak'!#REF!,B72,'CTH lapak'!#REF!) -> #REF! | K72: =SUM(D72:J72) -> #REF!
B73: 5202 | C73: Timbangan | E73: =SUMIF('CTH lapak'!#REF!,B73,'CTH lapak'!#REF!) -> #REF! | F73: =SUMIF('CTH lapak'!#REF!,B73,'CTH lapak'!#REF!) -> #REF! | G73: =SUMIF('CTH lapak'!#REF!,B73,'CTH lapak'!#REF!) -> #REF! | H73: =SUMIF('CTH lapak'!#REF!,B73,'CTH lapak'!#REF!) -> #REF! | I73: =SUMIF('CTH lapak'!#REF!,B73,'CTH lapak'!#REF!) -> #REF! | J73: =SUMIF('CTH lapak'!#REF!,B73,'CTH lapak'!#REF!) -> #REF! | K73: =SUM(D73:J73) -> #REF!
B75: 3000 | C75: DEPOSITO | D75: =SUM(D76) -> 0 | E75: =SUM(E76) -> #REF! | F75: =SUM(F76) -> #REF! | G75: =SUM(G76) -> #REF! | H75: =SUM(H76) -> #REF! | I75: =SUM(I76) -> #REF! | J75: =SUM(J76) -> #REF! | K75: =SUM(K76) -> #REF!
B76: 3001 | C76: DEPOSITO | D76: =K35 -> 0 | E76: =SUMIF('CTH lapak'!#REF!,B76,'CTH lapak'!#REF!) -> #REF! | F76: =SUMIF('CTH lapak'!#REF!,B76,'CTH lapak'!#REF!) -> #REF! | G76: =SUMIF('CTH lapak'!#REF!,B76,'CTH lapak'!#REF!) -> #REF! | H76: =SUMIF('CTH lapak'!#REF!,B76,'CTH lapak'!#REF!) -> #REF! | I76: =SUMIF('CTH lapak'!#REF!,B76,'CTH lapak'!#REF!) -> #REF! | J76: =SUMIF('CTH lapak'!#REF!,B76,'CTH lapak'!#REF!) -> #REF! | K76: =SUM(D76:J76) -> #REF!
E77: =SUMIF('cth gEDUNG'!$B$142:$B$158,B77,'cth gEDUNG'!$F$142:$F$158) -> 0 | F77: =SUMIF('cth gEDUNG'!$B$165:$B$181,B77,'cth gEDUNG'!$F$165:$F$181) -> 0 | G77: =SUMIF('cth gEDUNG'!$B$188:$B$202,B77,'cth gEDUNG'!$F$188:$F$202) -> 0 | H77: =SUMIF('cth gEDUNG'!$B$209:$B$224,B77,'cth gEDUNG'!$F$209:$F$224) -> 0 | I77: =SUMIF('cth gEDUNG'!$B$231:$B$249,B77,'cth gEDUNG'!$F$231:$F$249) -> 0 | J77: =SUMIF('cth gEDUNG'!$B$256:$B$276,B77,'cth gEDUNG'!$F$256:$F$276) -> 0 | K77: =SUM(E77:J77) -> 0
C79: JUMLAH | D79: =D75+D61+D71 -> #REF! | E79: =E75+E61+E71 -> #REF! | F79: =F75+F61+F71 -> #REF! | G79: =G75+G61+G71 -> #REF! | H79: =H75+H61+H71 -> #REF! | I79: =I75+I61+I71 -> #REF! | J79: =J75+J61+J71 -> #REF! | K79: =K75+K61+K71 -> #REF!
C80: SURPLUS / DEVISIT | D80: =D59-D79 -> #REF! | E80: =E59-E79 -> #REF! | F80: =F59-F79 -> #REF! | G80: =G59-G79 -> #REF! | H80: =H59-H79 -> #REF! | I80: =I59-I79 -> #REF! | J80: =J59-J79 -> #REF! | K80: =K59-K79 -> #REF!
C84: MODAL AWAL | E84: =K10 -> #REF!
C85: PENDAPATAN | E85: =K52 -> #REF!
C86: DEPOSIT | E86: =K55 -> #REF!
C87: TOTAL | E87: =SUM(E84:E86) -> #REF!
C89: PENGELUARAN
C91: Operasioal | E91: =K61 -> #REF!
C92: AKTIVA TETAP | E92: =K71 -> #REF!
C93: DEPOSIT | E93: =K75 -> #REF!
C94: TOTAL | E94: =SUM(E91:E93) -> #REF!
C96: TOTAL LEBIH/KURANG | E96: =E87-E94 -> #REF!
C98: KAS DITANGAN | E98: ='CTH lapak'!#REF! -> #REF!
C99: KAS DI BANK | E99: ='CTH lapak'!#REF! -> #REF!
C100: DEPOSIT | E100: ='CTH lapak'!#REF! -> #REF!
E101: =SUM(E98:E100) -> #REF!
C103: Mengetahui; | D103: Dibuat Oleh | H103: 4893269
C104: Kepala Unit | D104: Bendahara Unit Usaha GSG | H104: 199727
C108: ( BASHORI, SPd ) | D108: ( ……………………………..…… )

Sheet hutang sewa
A1: DATA PEMILIK LAPAK
D3: =SUM(D5:D15) -> 18 | F3: PIUTANG KOMITMEN | G3: =SUM(G5:G15) -> 26550000 | J3: =E5/12 -> 166666.67
A4: NO | B4: NOMOR LAPAK | C4: NAMA | D4: lapak | E4: SATUAN | F4: NILAI KONTRAK | G4: MASUK 22 | H4: MASUK 23 | I4: SISA PIUTANG | J4: Nilai Pemakaian | K4: 2022 | L4: 2023 | M4: 2024 | N4: NILAI BUKU
A5: L01 | B5: 4-5-6 | C5: ONI | D5: 3 | E5: 2000000 | F5: =D5*E5 -> 6000000 | G5: 4800000 | H5: =SUMIF('CTH lapak'!$M$8:$M$25,A5,'CTH lapak'!$O$8:$O$25) -> 0 | I5: =F5-(G5+H5) -> 1200000 | K5: 0 | L5: =J5*$J$3 -> 0 | N5: =F5-K5-L5-M5 -> 6000000
A6: L02 | B6: 10-11 | C6: KABUL | D6: 2 | E6: 2000000 | F6: =D6*E6 -> 4000000 | G6: 4000000 | H6: =SUMIF('CTH lapak'!$M$8:$M$25,A6,'CTH lapak'!$O$8:$O$25) -> 0 | I6: =F6-(G6+H6) -> 0 | J6: 0 | K6: 0 | L6: =J6*$J$3 -> 0 | N6: =F6-K6-L6-M6 -> 4000000
A7: L03 | B7: 15-16 | C7: GANO | D7: 2 | E7: 2000000 | F7: =D7*E7 -> 4000000 | G7: 2000000 | H7: =SUMIF('CTH lapak'!$M$8:$M$25,A7,'CTH lapak'!$O$8:$O$25) -> 0 | I7: =F7-(G7+H7) -> 2000000 | K7: 0 | L7: =J7*$J$3 -> 0 | N7: =F7-K7-L7-M7 -> 4000000
A8: L04 | B8: 33 | C8: DESI | D8: 1 | E8: 2000000 | F8: =D8*E8 -> 2000000 | G8: 2000000 | H8: =SUMIF('CTH lapak'!$M$8:$M$25,A8,'CTH lapak'!$O$8:$O$25) -> 0 | I8: =F8-(G8+H8) -> 0 | K8: 0 | L8: =J8*$J$3 -> 0 | N8: =F8-K8-L8-M8 -> 2000000
A9: L05 | B9: 34 | C9: SARIMAN | D9: 1 | E9: 2000000 | F9: =D9*E9 -> 2000000 | G9: 1250000 | H9: =SUMIF('CTH lapak'!$M$8:$M$25,A9,'CTH lapak'!$O$8:$O$25) -> 0 | I9: =F9-(G9+H9) -> 750000 | K9: 0 | L9: =J9*$J$3 -> 0 | N9: =F9-K9-L9-M9 -> 2000000
A10: L06 | B10: 38-39 | C10: SUHARTIN | D10: 2 | E10: 2000000 | F10: =D10*E10 -> 4000000 | G10: 3000000 | H10: =SUMIF('CTH lapak'!$M$8:$M$25,A10,'CTH lapak'!$O$8:$O$25) -> 0 | I10: =F10-(G10+H10) -> 1000000 | K10: 0 | L10: =J10*$J$3 -> 0 | N10: =F10-K10-L10-M10 -> 4000000
A11: L07 | B11: 42 | C11: YULI | D11: 1 | E11: 2000000 | F11: =D11*E11 -> 2000000 | G11: 2000000 | H11: =SUMIF('CTH lapak'!$M$8:$M$25,A11,'CTH lapak'!$O$8:$O$25) -> 0 | I11: =F11-(G11+H11) -> 0 | K11: 0 | L11: =J11*$J$3 -> 0 | N11: =F11-K11-L11-M11 -> 2000000
A12: L08 | B12: 43-44 | C12: HARTOYO / SUSILO | D12: 2 | E12: 2000000 | F12: =D12*E12*2 -> 8000000 | G12: 3000000 | H12: =SUMIF('CTH lapak'!$M$8:$M$25,A12,'CTH lapak'!$O$8:$O$25) -> 0 | I12: =F12-(G12+H12) -> 5000000 | J12: 24 | K12: 4000000 | L12: =J12*$J$3 -> 4000000 | N12: =F12-K12-L12-M12 -> 0
A13: L09 | B13: 45 | C13: KASTIN | D13: 1 | E13: 2000000 | F13: =D13*E13 -> 2000000 | G13: 1500000 | H13: =SUMIF('CTH lapak'!$M$8:$M$25,A13,'CTH lapak'!$O$8:$O$25) -> 0 | I13: =F13-(G13+H13) -> 500000 | K13: 0 | L13: =J13*$J$3 -> 0 | N13: =F13-K13-L13-M13 -> 2000000
A14: L10 | B14: 46-47 | C14: KHOLIL | D14: 2 | E14: 2000000 | F14: =D14*E14 -> 4000000 | G14: 2000000 | H14: =SUMIF('CTH lapak'!$M$8:$M$25,A14,'CTH lapak'!$O$8:$O$25) -> 0 | I14: =F14-(G14+H14) -> 2000000 | J14: 12 | K14: 2000000 | L14: =J14*$J$3 -> 2000000 | N14: =F14-K14-L14-M14 -> 0
A15: L11 | B15: 12 | C15: SUPARMAN | D15: 1 | E15: 2000000 | F15: =D15*E15 -> 2000000 | G15: 1000000 | H15: =SUMIF('CTH lapak'!$M$8:$M$25,A15,'CTH lapak'!$O$8:$O$25) -> 0 | I15: =F15-(G15+H15) -> 1000000 | K15: 0 | L15: =J15*$J$3 -> 0 | N15: =F15-K15-L15-M15 -> 2000000
A16: L12 | B16: 1-2-3 | C16: AGUS SUSANTO | D16: 3 | F16: =D16*E16 -> 0 | H16: =SUMIF('CTH lapak'!$M$8:$M$25,A16,'CTH lapak'!$O$8:$O$25) -> 0 | I16: =F16-(G16+H16) -> 0 | K16: 0 | L16: =J16*$J$3 -> 0 | N16: =F16-K16-L16-M16 -> 0
A17: L13 | B17: 7 | C17: WASIS | D17: 1 | F17: =D17*E17 -> 0 | I17: =F17-(G17+H17) -> 0 | K17: 0 | L17: =J17*$J$3 -> 0 | N17: =F17-K17-L17-M17 -> 0
A18: L14 | B18: 8 | C18: SAMSUL ARIFIN | D18: 1 | F18: =D18*E18 -> 0 | I18: =F18-(G18+H18) -> 0 | K18: 0 | L18: =J18*$J$3 -> 0 | N18: =F18-K18-L18-M18 -> 0
A19: L15 | B19: 9 | C19: FEBRI | D19: 1 | F19: =D19*E19 -> 0 | I19: =F19-(G19+H19) -> 0 | K19: 0 | L19: =J19*$J$3 -> 0 | N19: =F19-K19-L19-M19 -> 0
A20: L16 | B20: 14 | C20: SAMIADI | D20: 1 | F20: =D20*E20 -> 0 | I20: =F20-(G20+H20) -> 0 | K20: 0 | L20: =J20*$J$3 -> 0 | N20: =F20-K20-L20-M20 -> 0
A21: L17 | B21: 19 | C21: DENOK/ARIFIN | D21: 1 | F21: =D21*E21 -> 0 | I21: =F21-(G21+H21) -> 0 | K21: 0 | L21: =J21*$J$3 -> 0 | N21: =F21-K21-L21-M21 -> 0
A22: L18 | B22: 26 | C22: - | D22: 1 | F22: =D22*E22 -> 0 | I22: =F22-(G22+H22) -> 0 | K22: 0 | L22: =J22*$J$3 -> 0 | N22: =F22-K22-L22-M22 -> 0
A23: L19 | B23: 29-30-31-32 | C23: BUMDES | D23: 4 | F23: =D23*E23 -> 0 | I23: =F23-(G23+H23) -> 0 | K23: 0 | L23: =J23*$J$3 -> 0 | N23: =F23-K23-L23-M23 -> 0
A24: L20 | B24: 35-36-37 | C24: YULIANTO | D24: 3 | F24: =D24*E24 -> 0 | I24: =F24-(G24+H24) -> 0 | K24: 0 | L24: =J24*$J$3 -> 0 | N24: =F24-K24-L24-M24 -> 0
A25: L21 | B25: 40-41 | C25: PITA/EDI/WADUK | D25: 2 | F25: =D25*E25 -> 0 | I25: =F25-(G25+H25) -> 0 | K25: 0 | L25: =J25*$J$3 -> 0 | N25: =F25-K25-L25-M25 -> 0
A26: L22 | B26: 45 | C26: - | D26: 1 | F26: =D26*E26 -> 0 | I26: =F26-(G26+H26) -> 0 | K26: 0 | L26: =J26*$J$3 -> 0 | N26: =F26-K26-L26-M26 -> 0
A27: L23 | B27: 13 | C27: SUWONO | D27: 1 | E27: 2000000 | F27: =D27*E27 -> 2000000 | H27: =SUMIF('CTH lapak'!$M$8:$M$25,A27,'CTH lapak'!$O$8:$O$25) -> 0 | I27: =F27-(G27+H27) -> 2000000 | K27: 2000000 | L27: =J27*$J$3 -> 0 | N27: =F27-K27-L27-M27 -> 0
A28: L24 | B28: 17-18 | C28: SIAMI | D28: 2 | E28: 2000000 | F28: =D28*E28 -> 4000000 | H28: =SUMIF('CTH lapak'!$M$8:$M$25,A28,'CTH lapak'!$O$8:$O$25) -> 0 | I28: =F28-(G28+H28) -> 4000000 | K28: 4000000 | L28: =J28*$J$3 -> 0 | N28: =F28-K28-L28-M28 -> 0
A29: L25 | B29: 22 | C29: LUSTIYO YUNINGSIH | D29: 1 | E29: 2000000 | F29: =D29*E29 -> 2000000 | H29: =SUMIF('CTH lapak'!$M$8:$M$25,A29,'CTH lapak'!$O$8:$O$25) -> 0 | I29: =F29-(G29+H29) -> 2000000 | K29: 2000000 | L29: =J29*$J$3 -> 0 | N29: =F29-K29-L29-M29 -> 0
A30: L26 | B30: 23-24 | C30: SUNAWI | D30: 2 | E30: 2000000 | F30: =D30*E30 -> 4000000 | H30: =SUMIF('CTH lapak'!$M$8:$M$25,A30,'CTH lapak'!$O$8:$O$25) -> 0 | I30: =F30-(G30+H30) -> 4000000 | K30: 4000000 | L30: =J30*$J$3 -> 0 | N30: =F30-K30-L30-M30 -> 0
A31: L27 | B31: 27-28 | C31: MUNJIROH | D31: 2 | E31: 2000000 | F31: =D31*E31 -> 4000000 | H31: =SUMIF('CTH lapak'!$M$8:$M$25,A31,'CTH lapak'!$O$8:$O$25) -> 0 | I31: =F31-(G31+H31) -> 4000000 | K31: 4000000 | L31: =J31*$J$3 -> 0 | N31: =F31-K31-L31-M31 -> 0
A32: L28 | B32: 21 | C32: SUMARMI | D32: 1 | E32: 2000000 | F32: =D32*E32 -> 2000000 | H32: =SUMIF('CTH lapak'!$M$8:$M$25,A32,'CTH lapak'!$O$8:$O$25) -> 0 | I32: =F32-(G32+H32) -> 2000000 | K32: 2000000 | L32: =J32*$J$3 -> 0 | N32: =F32-K32-L32-M32 -> 0
A33: L29 | B33: 20 | C33: RISTAKUL JANAH | D33: 1 | E33: 2000000 | F33: =D33*E33 -> 2000000 | H33: =SUMIF('CTH lapak'!$M$8:$M$25,A33,'CTH lapak'!$O$8:$O$25) -> 0 | I33: =F33-(G33+H33) -> 2000000 | K33: 2000000 | L33: =J33*$J$3 -> 0 | N33: =F33-K33-L33-M33 -> 0
A34: L30 | B34: 25 | C34: SUGIATI | D34: 1 | E34: 2000000 | F34: =D34*E34 -> 2000000 | H34: =SUMIF('CTH lapak'!$M$8:$M$25,A34,'CTH lapak'!$O$8:$O$25) -> 0 | I34: =F34-(G34+H34) -> 2000000 | K34: 2000000 | L34: =J34*$J$3 -> 0 | N34: =F34-K34-L34-M34 -> 0
D35: =SUM(D5:D34) -> 48 | F35: =SUM(F5:F34) -> 62000000 | G35: =SUM(G5:G34) -> 26550000 | H35: =SUM(H5:H34) -> 0 | I35: =SUM(I5:I34) -> 35450000 | J35: =SUM(J5:J34) -> 36 | K35: =SUM(K5:K34) -> 28000000 | L35: =SUM(L5:L34) -> 6000000 | M35: =SUM(M5:M34) -> 0 | N35: =SUM(N5:N34) -> 28000000
D36: =SUM(D27:D34) -> 11 | E36: =E35/D35 -> 0 | F36: =F35/D35 -> 1291666.7

Sheet Sheet1
C2: 2021
C3: 2023
A4: TAGUN ANGGARAN | B4: : | C4: TAHUN ANGGARAN 2025
A5: TUTUP BUKU | B5: : | C5: 31 - DESEMBER 2025
C6: BADAN USAHA MILIK DESA
A7: BADAN USAHA MILIK DESA | B7: : | C7: " BAROKAH "
A8: DESA | B8: : | C8: Desa Balongbesuk Kecamatan Diwek Kabupaten Jombang
A10: Ketua | C10: NUR SALIM
A11: Sekretaris
A12: Bendahara | C12: MAMIK KURNIAWATI

Sheet BANK
A1: =Sheet1!A7 -> BADAN USAHA MILIK DESA
A2: =Sheet1!C7 -> " BAROKAH "
A3: =Sheet1!C8 -> Desa Balongbesuk Kecamatan Diwek Kabupaten Jombang
A4: =Sheet1!C4 -> TAHUN ANGGARAN 2025
A6: BUKU BANTU TRANSAKSI BANK
A8: No | B8: Bulan | C8: Bunga | D8: Admin | E8: Pajak atas Bunga
A11: 1 | B11: Januari 2025 | C11: 19728.29 | D11: 5000 | E11: 3945.65
A12: 2 | B12: Pebruari 2025 | C12: 17829.42 | D12: 5000 | E12: 3565.884
A13: 3 | B13: Maret 2025 | C13: 19749.57 | D13: 5000 | E13: 3949.914
A14: 4 | B14: April 2025 | C14: 19123.58 | D14: 5000 | E14: 3824.71
A15: 5 | B15: Mei 2025 | C15: 19771 | D15: 5000 | E15: 3954
A16: 6 | B16: Juni 2025 | C16: 22974 | D16: 5000 | E16: 4594
A17: 7 | B17: Juli 2025 | C17: 23757 | D17: 5000 | E17: 4751
A18: 8 | B18: Agustus 2025 | C18: 23775 | D18: 5000 | E18: 4755
A19: 9 | B19: September 2025 | C19: 23025 | D19: 5000 | E19: 4605
A20: 10 | B20: Oktober 2025 | C20: 23809 | D20: 5000 | E20: 4761.8
A21: 11 | B21: Nopember 2025 | C21: 23059 | D21: 5000 | E21: 4611.8
A22: 12 | B22: Desember 2025 | C22: 142575 | E22: 28515
C23: =SUM(C11:C22) -> 379175.86 | D23: =SUM(D11:D22) -> 55000 | E23: =SUM(E11:E22) -> 75833.758
D25: ='LAPORAN LABA'!D63 -> Balongbesuk, 15 Januari 2025
B26: ='LAPORAN LABA'!C64 -> Dilaporkan Oleh; | D26: ='LAPORAN LABA'!D64 -> Dibuat Oleh;
B30: =NERACA!I39 -> DODIK SUSANTO, S.Fil.I | D30: =Sheet1!C12 -> MAMIK KURNIAWATI
B31: ='LAPORAN LABA'!C68 -> Direktur BUMDesa "BAROKAH" | D31: =NERACA!J40 -> Bendahara BUMDesa "BAROKAH"

Sheet piutang
A1: DAFTAR PIUTANG
A2: BUMDES 'BAROKAH'
A3: Desa Balongbesuk Kec. Diwek Jombang
A4: s/d Desember 2025 | O4: 15000000 | P4: 20000000 | Q4: 15000000 | R4: =50000000-O4+P4-Q4 -> 40000000
A6: NO | B6: CODE | C6: NAMA | D6: PIUTANG THN LALU 2024 | E6: Tahun 2025 | K6: MASUK | L6: KELUAR | M6: SISA PIUTANG
E7: Mei | G7: Nopember | I7: Desember | O7: angsuran | P7: bunga | Q7: admin | R7: tabungan | S7: jumlah
E8: MASUK | F8: KELUAR | G8: MASUK | H8: KELUAR | I8: MASUK | J8: KELUAR
B9: A-000 | C9: GAPOKTAN | D9: 33000000 | E9: =SUMIF('cth sp'!$M$9:$M$107,B9,'cth sp'!$N$9:$N$107) -> 0 | F9: =SUMIF('cth sp'!$M$9:$M$107,B9,'cth sp'!$O$9:$O$107) -> 5000000 | G9: =SUMIF('cth sp'!$M$114:$M$158,B9,'cth sp'!$N$114:$N$158) -> 0 | H9: =SUMIF('cth sp'!$M$114:$M$158,B9,'cth sp'!$O$114:$O$158) -> 0 | I9: =SUMIF('cth sp'!$M$165:$M$389,B9,'cth sp'!$N$165:$N$389) -> 0 | J9: =SUMIF('cth sp'!$M$159:$M$389,B9,'cth sp'!$O$159:$O$389) -> 0 | K9: =E9+G9+I9 -> 0 | L9: =F9+H9+J9 -> 5000000 | M9: =D9+K9-L9 -> 28000000 | S9: =SUM(O9:R9) -> 0
A10: 1 | B10: A-001 | C10: Sri Jayanti | D10: 1000000 | E10: =SUMIF('cth sp'!$M$9:$M$107,B10,'cth sp'!$N$9:$N$107) -> 1000000 | F10: =SUMIF('cth sp'!$M$9:$M$107,B10,'cth sp'!$O$9:$O$107) -> 1000000 | G10: =SUMIF('cth sp'!$M$114:$M$158,B10,'cth sp'!$N$114:$N$158) -> 0 | H10: =SUMIF('cth sp'!$M$114:$M$158,B10,'cth sp'!$O$114:$O$158) -> 0 | I10: =SUMIF('cth sp'!$M$159:$M$389,B10,'cth sp'!$N$159:$N$389) -> 0 | J10: =SUMIF('cth sp'!$M$159:$M$389,B10,'cth sp'!$O$159:$O$389) -> 0 | K10: =E10+G10+I10 -> 1000000 | L10: =F10+H10+J10 -> 1000000 | M10: =D10+K10-L10 -> 1000000 | S10: =SUM(O10:R10) -> 0 | T10: 280000
A11: 2 | B11: A-002 | C11: Adi Kuswantoro | D11: 1000000 | E11: =SUMIF('cth sp'!$M$9:$M$107,B11,'cth sp'!$N$9:$N$107) -> 0 | F11: =SUMIF('cth sp'!$M$9:$M$107,B11,'cth sp'!$O$9:$O$107) -> 0 | G11: =SUMIF('cth sp'!$M$114:$M$158,B11,'cth sp'!$N$114:$N$158) -> 0 | H11: =SUMIF('cth sp'!$M$114:$M$158,B11,'cth sp'!$O$114:$O$158) -> 0 | I11: =SUMIF('cth sp'!$M$159:$M$389,B11,'cth sp'!$N$159:$N$389) -> 0 | J11: =SUMIF('cth sp'!$M$159:$M$389,B11,'cth sp'!$O$159:$O$389) -> 0 | K11: =E11+G11+I11 -> 0 | L11: =F11+H11+J11 -> 0 | M11: =D11+K11-L11 -> 1000000 | P11: 90000 | Q11: 20000 | R11: 30000 | S11: =SUM(O11:R11) -> 140000 | T11: 140000
A12: 3 | B12: A-003 | C12: Agus Ain | D12: 0 | E12: =SUMIF('cth sp'!$M$9:$M$107,B12,'cth sp'!$N$9:$N$107) -> 0 | F12: =SUMIF('cth sp'!$M$9:$M$107,B12,'cth sp'!$O$9:$O$107) -> 0 | G12: =SUMIF('cth sp'!$M$114:$M$158,B12,'cth sp'!$N$114:$N$158) -> 0 | H12: =SUMIF('cth sp'!$M$114:$M$158,B12,'cth sp'!$O$114:$O$158) -> 0 | I12: =SUMIF('cth sp'!$M$159:$M$389,B12,'cth sp'!$N$159:$N$389) -> 0 | J12: =SUMIF('cth sp'!$M$159:$M$389,B12,'cth sp'!$O$159:$O$389) -> 0 | K12: =E12+G12+I12 -> 0 | L12: =F12+H12+J12 -> 0 | M12: =D12+K12-L12 -> 0 | O12: 1000000 | S12: =SUM(O12:R12) -> 1000000
A13: 4 | B13: A-004 | C13: Alimah | D13: 1000000 | E13: =SUMIF('cth sp'!$M$9:$M$107,B13,'cth sp'!$N$9:$N$107) -> 0 | F13: =SUMIF('cth sp'!$M$9:$M$107,B13,'cth sp'!$O$9:$O$107) -> 0 | G13: =SUMIF('cth sp'!$M$114:$M$158,B13,'cth sp'!$N$114:$N$158) -> 0 | H13: =SUMIF('cth sp'!$M$114:$M$158,B13,'cth sp'!$O$114:$O$158) -> 0 | I13: =SUMIF('cth sp'!$M$159:$M$389,B13,'cth sp'!$N$159:$N$389) -> 0 | J13: =SUMIF('cth sp'!$M$159:$M$389,B13,'cth sp'!$O$159:$O$389) -> 0 | K13: =E13+G13+I13 -> 0 | L13: =F13+H13+J13 -> 0 | M13: =D13+K13-L13 -> 1000000 | S13: =SUM(O13:R13) -> 0
A14: 5 | B14: A-005 | C14: Tri Yuliarsih | D14: 0 | E14: =SUMIF('cth sp'!$M$9:$M$107,B14,'cth sp'!$N$9:$N$107) -> 0 | F14: =SUMIF('cth sp'!$M$9:$M$107,B14,'cth sp'!$O$9:$O$107) -> 0 | G14: =SUMIF('cth sp'!$M$114:$M$158,B14,'cth sp'!$N$114:$N$158) -> 0 | H14: =SUMIF('cth sp'!$M$114:$M$158,B14,'cth sp'!$O$114:$O$158) -> 0 | I14: =SUMIF('cth sp'!$M$159:$M$389,B14,'cth sp'!$N$159:$N$389) -> 0 | J14: =SUMIF('cth sp'!$M$159:$M$389,B14,'cth sp'!$O$159:$O$389) -> 0 | K14: =E14+G14+I14 -> 0 | L14: =F14+H14+J14 -> 0 | M14: =D14+K14-L14 -> 0 | P14: =90000*2 -> 180000 | Q14: 40000 | R14: 60000 | S14: =SUM(O14:R14) -> 280000 | T14: 140000
A15: 6 | B15: A-006 | C15: Kuswinarti | D15: 1000000 | E15: =SUMIF('cth sp'!$M$9:$M$107,B15,'cth sp'!$N$9:$N$107) -> 1000000 | F15: =SUMIF('cth sp'!$M$9:$M$107,B15,'cth sp'!$O$9:$O$107) -> 1000000 | G15: =SUMIF('cth sp'!$M$114:$M$158,B15,'cth sp'!$N$114:$N$158) -> 0 | H15: =SUMIF('cth sp'!$M$114:$M$158,B15,'cth sp'!$O$114:$O$158) -> 0 | I15: =SUMIF('cth sp'!$M$159:$M$389,B15,'cth sp'!$N$159:$N$389) -> 0 | J15: =SUMIF('cth sp'!$M$159:$M$389,B15,'cth sp'!$O$159:$O$389) -> 0 | K15: =E15+G15+I15 -> 1000000 | L15: =F15+H15+J15 -> 1000000 | M15: =D15+K15-L15 -> 1000000 | P15: 90000 | Q15: 20000 | R15: 30000 | S15: =SUM(O15:R15) -> 140000 | T15: 140000
A16: 7 | B16: A-007 | C16: Hariyanto | D16: 1000000 | E16: =SUMIF('cth sp'!$M$9:$M$107,B16,'cth sp'!$N$9:$N$107) -> 0 | F16: =SUMIF('cth sp'!$M$9:$M$107,B16,'cth sp'!$O$9:$O$107) -> 0 | G16: =SUMIF('cth sp'!$M$114:$M$158,B16,'cth sp'!$N$114:$N$158) -> 0 | H16: =SUMIF('cth sp'!$M$114:$M$158,B16,'cth sp'!$O$114:$O$158) -> 0 | I16: =SUMIF('cth sp'!$M$159:$M$389,B16,'cth sp'!$N$159:$N$389) -> 0 | J16: =SUMIF('cth sp'!$M$159:$M$389,B16,'cth sp'!$O$159:$O$389) -> 0 | K16: =E16+G16+I16 -> 0 | L16: =F16+H16+J16 -> 0 | M16: =D16+K16-L16 -> 1000000 | P16: 90000 | Q16: 20000 | R16: 30000 | S16: =SUM(O16:R16) -> 140000
A17: 8 | B17: A-008 | C17: Giyanto | D17: 2000000 | E17: =SUMIF('cth sp'!$M$9:$M$107,B17,'cth sp'!$N$9:$N$107) -> 0 | F17: =SUMIF('cth sp'!$M$9:$M$107,B17,'cth sp'!$O$9:$O$107) -> 0 | G17: =SUMIF('cth sp'!$M$114:$M$158,B17,'cth sp'!$N$114:$N$158) -> 0 | H17: =SUMIF('cth sp'!$M$114:$M$158,B17,'cth sp'!$O$114:$O$158) -> 1000000 | I17: =SUMIF('cth sp'!$M$159:$M$389,B17,'cth sp'!$N$159:$N$389) -> 0 | J17: =SUMIF('cth sp'!$M$159:$M$389,B17,'cth sp'!$O$159:$O$389) -> 0 | K17: =E17+G17+I17 -> 0 | L17: =F17+H17+J17 -> 1000000 | M17: =D17+K17-L17 -> 1000000 | P17: 90000 | Q17: 20000 | R17: 30000 | S17: =SUM(O17:R17) -> 140000 | T17: 140000
A18: 9 | B18: A-009 | C18: Imroatus Sholichah | D18: 0 | E18: =SUMIF('cth sp'!$M$9:$M$107,B18,'cth sp'!$N$9:$N$107) -> 0 | F18: =SUMIF('cth sp'!$M$9:$M$107,B18,'cth sp'!$O$9:$O$107) -> 0 | G18: =SUMIF('cth sp'!$M$114:$M$158,B18,'cth sp'!$N$114:$N$158) -> 0 | H18: =SUMIF('cth sp'!$M$114:$M$158,B18,'cth sp'!$O$114:$O$158) -> 0 | I18: =SUMIF('cth sp'!$M$159:$M$389,B18,'cth sp'!$N$159:$N$389) -> 0 | J18: =SUMIF('cth sp'!$M$159:$M$389,B18,'cth sp'!$O$159:$O$389) -> 0 | K18: =E18+G18+I18 -> 0 | L18: =F18+H18+J18 -> 0 | M18: =D18+K18-L18 -> 0 | S18: =SUM(O18:R18) -> 0
A19: 10 | B19: A-010 | C19: Teguh Prasetya | D19: 0 | E19: =SUMIF('cth sp'!$M$9:$M$107,B19,'cth sp'!$N$9:$N$107) -> 0 | F19: =SUMIF('cth sp'!$M$9:$M$107,B19,'cth sp'!$O$9:$O$107) -> 0 | G19: =SUMIF('cth sp'!$M$114:$M$158,B19,'cth sp'!$N$114:$N$158) -> 0 | H19: =SUMIF('cth sp'!$M$114:$M$158,B19,'cth sp'!$O$114:$O$158) -> 0 | I19: =SUMIF('cth sp'!$M$159:$M$389,B19,'cth sp'!$N$159:$N$389) -> 0 | J19: =SUMIF('cth sp'!$M$159:$M$389,B19,'cth sp'!$O$159:$O$389) -> 0 | K19: =E19+G19+I19 -> 0 | L19: =F19+H19+J19 -> 0 | M19: =D19+K19-L19 -> 0 | O19: 835000 | S19: =SUM(O19:R19) -> 835000
A20: 11 | B20: A-011 | C20: Djayos/sami | D20: 1000000 | E20: =SUMIF('cth sp'!$M$9:$M$107,B20,'cth sp'!$N$9:$N$107) -> 0 | F20: =SUMIF('cth sp'!$M$9:$M$107,B20,'cth sp'!$O$9:$O$107) -> 0 | G20: =SUMIF('cth sp'!$M$114:$M$158,B20,'cth sp'!$N$114:$N$158) -> 0 | H20: =SUMIF('cth sp'!$M$114:$M$158,B20,'cth sp'!$O$114:$O$158) -> 0 | I20: =SUMIF('cth sp'!$M$159:$M$389,B20,'cth sp'!$N$159:$N$389) -> 0 | J20: =SUMIF('cth sp'!$M$159:$M$389,B20,'cth sp'!$O$159:$O$389) -> 0 | K20: =E20+G20+I20 -> 0 | L20: =F20+H20+J20 -> 0 | M20: =D20+K20-L20 -> 1000000 | P20: 90000 | Q20: 20000 | R20: 30000 | S20: =SUM(O20:R20) -> 140000 | T20: 140000
A21: 12 | B21: A-012 | C21: Sutriman | D21: 1000000 | E21: =SUMIF('cth sp'!$M$9:$M$107,B21,'cth sp'!$N$9:$N$107) -> 0 | F21: =SUMIF('cth sp'!$M$9:$M$107,B21,'cth sp'!$O$9:$O$107) -> 0 | G21: =SUMIF('cth sp'!$M$114:$M$158,B21,'cth sp'!$N$114:$N$158) -> 0 | H21: =SUMIF('cth sp'!$M$114:$M$158,B21,'cth sp'!$O$114:$O$158) -> 0 | I21: =SUMIF('cth sp'!$M$159:$M$389,B21,'cth sp'!$N$159:$N$389) -> 0 | J21: =SUMIF('cth sp'!$M$159:$M$389,B21,'cth sp'!$O$159:$O$389) -> 0 | K21: =E21+G21+I21 -> 0 | L21: =F21+H21+J21 -> 0 | M21: =D21+K21-L21 -> 1000000 | P21: 90000 | Q21: 20000 | R21: 30000 | S21: =SUM(O21:R21) -> 140000 | T21: 140000
A22: 13 | B22: A-013 | C22: Sasdji Abdullah | D22: 0 | E22: =SUMIF('cth sp'!$M$9:$M$107,B22,'cth sp'!$N$9:$N$107) -> 0 | F22: =SUMIF('cth sp'!$M$9:$M$107,B22,'cth sp'!$O$9:$O$107) -> 0 | G22: =SUMIF('cth sp'!$M$114:$M$158,B22,'cth sp'!$N$114:$N$158) -> 0 | H22: =SUMIF('cth sp'!$M$114:$M$158,B22,'cth sp'!$O$114:$O$158) -> 0 | I22: =SUMIF('cth sp'!$M$159:$M$389,B22,'cth sp'!$N$159:$N$389) -> 0 | J22: =SUMIF('cth sp'!$M$159:$M$389,B22,'cth sp'!$O$159:$O$389) -> 0 | K22: =E22+G22+I22 -> 0 | L22: =F22+H22+J22 -> 0 | M22: =D22+K22-L22 -> 0 | S22: =SUM(O22:R22) -> 0
A23: 14 | B23: A-014 | C23: M. Hadi Praitno | D23: 1000000 | E23: =SUMIF('cth sp'!$M$9:$M$107,B23,'cth sp'!$N$9:$N$107) -> 0 | F23: =SUMIF('cth sp'!$M$9:$M$107,B23,'cth sp'!$O$9:$O$107) -> 0 | G23: =SUMIF('cth sp'!$M$114:$M$158,B23,'cth sp'!$N$114:$N$158) -> 0 | H23: =SUMIF('cth sp'!$M$114:$M$158,B23,'cth sp'!$O$114:$O$158) -> 0 | I23: =SUMIF('cth sp'!$M$159:$M$389,B23,'cth sp'!$N$159:$N$389) -> 0 | J23: =SUMIF('cth sp'!$M$159:$M$389,B23,'cth sp'!$O$159:$O$389) -> 0 | K23: =E23+G23+I23 -> 0 | L23: =F23+H23+J23 -> 0 | M23: =D23+K23-L23 -> 1000000 | S23: =SUM(O23:R23) -> 0
A24: 15 | B24: A-015 | C24: Anwar Wibisono | D24: 1000000 | E24: =SUMIF('cth sp'!$M$9:$M$107,B24,'cth sp'!$N$9:$N$107) -> 1000000 | F24: =SUMIF('cth sp'!$M$9:$M$107,B24,'cth sp'!$O$9:$O$107) -> 1000000 | G24: =SUMIF('cth sp'!$M$114:$M$158,B24,'cth sp'!$N$114:$N$158) -> 0 | H24: =SUMIF('cth sp'!$M$114:$M$158,B24,'cth sp'!$O$114:$O$158) -> 0 | I24: =SUMIF('cth sp'!$M$159:$M$389,B24,'cth sp'!$N$159:$N$389) -> 0 | J24: =SUMIF('cth sp'!$M$159:$M$389,B24,'cth sp'!$O$159:$O$389) -> 0 | K24: =E24+G24+I24 -> 1000000 | L24: =F24+H24+J24 -> 1000000 | M24: =D24+K24-L24 -> 1000000 | S24: =SUM(O24:R24) -> 0
A25: 16 | B25: A-016 | C25: Choirul Anwar | D25: 0 | E25: =SUMIF('cth sp'!$M$9:$M$107,B25,'cth sp'!$N$9:$N$107) -> 0 | F25: =SUMIF('cth sp'!$M$9:$M$107,B25,'cth sp'!$O$9:$O$107) -> 0 | G25: =SUMIF('cth sp'!$M$114:$M$158,B25,'cth sp'!$N$114:$N$158) -> 0 | H25: =SUMIF('cth sp'!$M$114:$M$158,B25,'cth sp'!$O$114:$O$158) -> 0 | I25: =SUMIF('cth sp'!$M$159:$M$389,B25,'cth sp'!$N$159:$N$389) -> 0 | J25: =SUMIF('cth sp'!$M$159:$M$389,B25,'cth sp'!$O$159:$O$389) -> 0 | K25: =E25+G25+I25 -> 0 | L25: =F25+H25+J25 -> 0 | M25: =D25+K25-L25 -> 0 | P25: 90000 | Q25: 20000 | R25: 30000 | S25: =SUM(O25:R25) -> 140000 | T25: 140000
A26: 17 | B26: A-017 | C26: Towardi | D26: 1000000 | E26: =SUMIF('cth sp'!$M$9:$M$107,B26,'cth sp'!$N$9:$N$107) -> 0 | F26: =SUMIF('cth sp'!$M$9:$M$107,B26,'cth sp'!$O$9:$O$107) -> 0 | G26: =SUMIF('cth sp'!$M$114:$M$158,B26,'cth sp'!$N$114:$N$158) -> 0 | H26: =SUMIF('cth sp'!$M$114:$M$158,B26,'cth sp'!$O$114:$O$158) -> 0 | I26: =SUMIF('cth sp'!$M$159:$M$389,B26,'cth sp'!$N$159:$N$389) -> 0 | J26: =SUMIF('cth sp'!$M$159:$M$389,B26,'cth sp'!$O$159:$O$389) -> 0 | K26: =E26+G26+I26 -> 0 | L26: =F26+H26+J26 -> 0 | M26: =D26+K26-L26 -> 1000000 | S26: =SUM(O26:R26) -> 0
A27: 18 | B27: A-018 | C27: Choriyah | D27: 1000000 | E27: =SUMIF('cth sp'!$M$9:$M$107,B27,'cth sp'!$N$9:$N$107) -> 0 | F27: =SUMIF('cth sp'!$M$9:$M$107,B27,'cth sp'!$O$9:$O$107) -> 0 | G27: =SUMIF('cth sp'!$M$114:$M$158,B27,'cth sp'!$N$114:$N$158) -> 0 | H27: =SUMIF('cth sp'!$M$114:$M$158,B27,'cth sp'!$O$114:$O$158) -> 0 | I27: =SUMIF('cth sp'!$M$159:$M$389,B27,'cth sp'!$N$159:$N$389) -> 0 | J27: =SUMIF('cth sp'!$M$159:$M$389,B27,'cth sp'!$O$159:$O$389) -> 0 | K27: =E27+G27+I27 -> 0 | L27: =F27+H27+J27 -> 0 | M27: =D27+K27-L27 -> 1000000 | P27: 90000 | Q27: 20000 | R27: 30000 | S27: =SUM(O27:R27) -> 140000 | T27: 140000
A28: 19 | B28: A-019 | C28: Muji Santoso | D28: 0 | E28: =SUMIF('cth sp'!$M$9:$M$107,B28,'cth sp'!$N$9:$N$107) -> 0 | F28: =SUMIF('cth sp'!$M$9:$M$107,B28,'cth sp'!$O$9:$O$107) -> 0 | G28: =SUMIF('cth sp'!$M$114:$M$158,B28,'cth sp'!$N$114:$N$158) -> 0 | H28: =SUMIF('cth sp'!$M$114:$M$158,B28,'cth sp'!$O$114:$O$158) -> 0 | I28: =SUMIF('cth sp'!$M$159:$M$389,B28,'cth sp'!$N$159:$N$389) -> 0 | J28: =SUMIF('cth sp'!$M$159:$M$389,B28,'cth sp'!$O$159:$O$389) -> 0 | K28: =E28+G28+I28 -> 0 | L28: =F28+H28+J28 -> 0 | M28: =D28+K28-L28 -> 0 | S28: =SUM(O28:R28) -> 0
A29: 20 | B29: A-020 | C29: Muhammad Arifin | D29: 1000000 | E29: =SUMIF('cth sp'!$M$9:$M$107,B29,'cth sp'!$N$9:$N$107) -> 1000000 | F29: =SUMIF('cth sp'!$M$9:$M$107,B29,'cth sp'!$O$9:$O$107) -> 1000000 | G29: =SUMIF('cth sp'!$M$114:$M$158,B29,'cth sp'!$N$114:$N$158) -> 0 | H29: =SUMIF('cth sp'!$M$114:$M$158,B29,'cth sp'!$O$114:$O$158) -> 0 | I29: =SUMIF('cth sp'!$M$159:$M$389,B29,'cth sp'!$N$159:$N$389) -> 0 | J29: =SUMIF('cth sp'!$M$159:$M$389,B29,'cth sp'!$O$159:$O$389) -> 0 | K29: =E29+G29+I29 -> 1000000 | L29: =F29+H29+J29 -> 1000000 | M29: =D29+K29-L29 -> 1000000 | P29: 90000 | Q29: 20000 | R29: 30000 | S29: =SUM(O29:R29) -> 140000
A30: 21 | B30: A-021 | C30: Tri Endah | D30: 1000000 | E30: =SUMIF('cth sp'!$M$9:$M$107,B30,'cth sp'!$N$9:$N$107) -> 0 | F30: =SUMIF('cth sp'!$M$9:$M$107,B30,'cth sp'!$O$9:$O$107) -> 0 | G30: =SUMIF('cth sp'!$M$114:$M$158,B30,'cth sp'!$N$114:$N$158) -> 0 | H30: =SUMIF('cth sp'!$M$114:$M$158,B30,'cth sp'!$O$114:$O$158) -> 0 | I30: =SUMIF('cth sp'!$M$159:$M$389,B30,'cth sp'!$N$159:$N$389) -> 0 | J30: =SUMIF('cth sp'!$M$159:$M$389,B30,'cth sp'!$O$159:$O$389) -> 0 | K30: =E30+G30+I30 -> 0 | L30: =F30+H30+J30 -> 0 | M30: =D30+K30-L30 -> 1000000 | P30: 90000 | Q30: 20000 | R30: 30000 | S30: =SUM(O30:R30) -> 140000
A31: 22 | B31: A-022 | C31: Siti Nur afifa | D31: 2000000 | E31: =SUMIF('cth sp'!$M$9:$M$107,B31,'cth sp'!$N$9:$N$107) -> 1000000 | F31: =SUMIF('cth sp'!$M$9:$M$107,B31,'cth sp'!$O$9:$O$107) -> 1000000 | G31: =SUMIF('cth sp'!$M$114:$M$158,B31,'cth sp'!$N$114:$N$158) -> 0 | H31: =SUMIF('cth sp'!$M$114:$M$158,B31,'cth sp'!$O$114:$O$158) -> 0 | I31: =SUMIF('cth sp'!$M$159:$M$389,B31,'cth sp'!$N$159:$N$389) -> 0 | J31: =SUMIF('cth sp'!$M$159:$M$389,B31,'cth sp'!$O$159:$O$389) -> 0 | K31: =E31+G31+I31 -> 1000000 | L31: =F31+H31+J31 -> 1000000 | M31: =D31+K31-L31 -> 2000000 | P31: 90000 | Q31: 20000 | R31: 30000 | S31: =SUM(O31:R31) -> 140000 | T31: 140000
A32: 23 | B32: A-023 | C32: Susi Sri Wahyuni | D32: 1000000 | E32: =SUMIF('cth sp'!$M$9:$M$107,B32,'cth sp'!$N$9:$N$107) -> 0 | F32: =SUMIF('cth sp'!$M$9:$M$107,B32,'cth sp'!$O$9:$O$107) -> 0 | G32: =SUMIF('cth sp'!$M$114:$M$158,B32,'cth sp'!$N$114:$N$158) -> 0 | H32: =SUMIF('cth sp'!$M$114:$M$158,B32,'cth sp'!$O$114:$O$158) -> 0 | I32: =SUMIF('cth sp'!$M$159:$M$389,B32,'cth sp'!$N$159:$N$389) -> 0 | J32: =SUMIF('cth sp'!$M$159:$M$389,B32,'cth sp'!$O$159:$O$389) -> 0 | K32: =E32+G32+I32 -> 0 | L32: =F32+H32+J32 -> 0 | M32: =D32+K32-L32 -> 1000000 | P32: 90000 | Q32: 20000 | R32: 30000 | S32: =SUM(O32:R32) -> 140000 | T32: 140000
A33: 24 | B33: A-024 | C33: Hari Bayudi | D33: 1000000 | E33: =SUMIF('cth sp'!$M$9:$M$107,B33,'cth sp'!$N$9:$N$107) -> 1000000 | F33: =SUMIF('cth sp'!$M$9:$M$107,B33,'cth sp'!$O$9:$O$107) -> 1000000 | G33: =SUMIF('cth sp'!$M$114:$M$158,B33,'cth sp'!$N$114:$N$158) -> 0 | H33: =SUMIF('cth sp'!$M$114:$M$158,B33,'cth sp'!$O$114:$O$158) -> 0 | I33: =SUMIF('cth sp'!$M$159:$M$389,B33,'cth sp'!$N$159:$N$389) -> 0 | J33: =SUMIF('cth sp'!$M$159:$M$389,B33,'cth sp'!$O$159:$O$389) -> 0 | K33: =E33+G33+I33 -> 1000000 | L33: =F33+H33+J33 -> 1000000 | M33: =D33+K33-L33 -> 1000000 | S33: =SUM(O33:R33) -> 0
A34: 25 | B34: A-025 | C34: Ilham Hendrik | D34: 1000000 | E34: =SUMIF('cth sp'!$M$9:$M$107,B34,'cth sp'!$N$9:$N$107) -> 1000000 | F34: =SUMIF('cth sp'!$M$9:$M$107,B34,'cth sp'!$O$9:$O$107) -> 1000000 | G34: =SUMIF('cth sp'!$M$114:$M$158,B34,'cth sp'!$N$114:$N$158) -> 0 | H34: =SUMIF('cth sp'!$M$114:$M$158,B34,'cth sp'!$O$114:$O$158) -> 0 | I34: =SUMIF('cth sp'!$M$159:$M$389,B34,'cth sp'!$N$159:$N$389) -> 0 | J34: =SUMIF('cth sp'!$M$159:$M$389,B34,'cth sp'!$O$159:$O$389) -> 0 | K34: =E34+G34+I34 -> 1000000 | L34: =F34+H34+J34 -> 1000000 | M34: =D34+K34-L34 -> 1000000 | P34: 90000 | Q34: 20000 | R34: 30000 | S34: =SUM(O34:R34) -> 140000 | T34: 140000
A35: 26 | B35: A-026 | C35: Abdul Rochman | D35: 1000000 | E35: =SUMIF('cth sp'!$M$9:$M$107,B35,'cth sp'!$N$9:$N$107) -> 0 | F35: =SUMIF('cth sp'!$M$9:$M$107,B35,'cth sp'!$O$9:$O$107) -> 0 | G35: =SUMIF('cth sp'!$M$114:$M$158,B35,'cth sp'!$N$114:$N$158) -> 0 | H35: =SUMIF('cth sp'!$M$114:$M$158,B35,'cth sp'!$O$114:$O$158) -> 0 | I35: =SUMIF('cth sp'!$M$159:$M$389,B35,'cth sp'!$N$159:$N$389) -> 0 | J35: =SUMIF('cth sp'!$M$159:$M$389,B35,'cth sp'!$O$159:$O$389) -> 0 | K35: =E35+G35+I35 -> 0 | L35: =F35+H35+J35 -> 0 | M35: =D35+K35-L35 -> 1000000 | S35: =SUM(O35:R35) -> 0
A36: 27 | B36: A-027 | C36: Bagus Setiawan | D36: 1000000 | E36: =SUMIF('cth sp'!$M$9:$M$107,B36,'cth sp'!$N$9:$N$107) -> 1000000 | F36: =SUMIF('cth sp'!$M$9:$M$107,B36,'cth sp'!$O$9:$O$107) -> 1000000 | G36: =SUMIF('cth sp'!$M$114:$M$158,B36,'cth sp'!$N$114:$N$158) -> 1000000 | H36: =SUMIF('cth sp'!$M$114:$M$158,B36,'cth sp'!$O$114:$O$158) -> 1000000 | I36: =SUMIF('cth sp'!$M$159:$M$389,B36,'cth sp'!$N$159:$N$389) -> 0 | J36: =SUMIF('cth sp'!$M$159:$M$389,B36,'cth sp'!$O$159:$O$389) -> 0 | K36: =E36+G36+I36 -> 2000000 | L36: =F36+H36+J36 -> 2000000 | M36: =D36+K36-L36 -> 1000000 | P36: 90000 | Q36: 20000 | R36: 30000 | S36: =SUM(O36:R36) -> 140000 | T36: 140000
A37: 28 | B37: A-028 | C37: Dwi Cahyorini | D37: 1000000 | E37: =SUMIF('cth sp'!$M$9:$M$107,B37,'cth sp'!$N$9:$N$107) -> 0 | F37: =SUMIF('cth sp'!$M$9:$M$107,B37,'cth sp'!$O$9:$O$107) -> 0 | G37: =SUMIF('cth sp'!$M$114:$M$158,B37,'cth sp'!$N$114:$N$158) -> 0 | H37: =SUMIF('cth sp'!$M$114:$M$158,B37,'cth sp'!$O$114:$O$158) -> 0 | I37: =SUMIF('cth sp'!$M$159:$M$389,B37,'cth sp'!$N$159:$N$389) -> 0 | J37: =SUMIF('cth sp'!$M$159:$M$389,B37,'cth sp'!$O$159:$O$389) -> 0 | K37: =E37+G37+I37 -> 0 | L37: =F37+H37+J37 -> 0 | M37: =D37+K37-L37 -> 1000000 | P37: 90000 | Q37: 20000 | R37: 30000 | S37: =SUM(O37:R37) -> 140000
A38: 29 | B38: A-029 | C38: Mamik Kurianawati | D38: 1000000 | E38: =SUMIF('cth sp'!$M$9:$M$107,B38,'cth sp'!$N$9:$N$107) -> 0 | F38: =SUMIF('cth sp'!$M$9:$M$107,B38,'cth sp'!$O$9:$O$107) -> 0 | G38: =SUMIF('cth sp'!$M$114:$M$158,B38,'cth sp'!$N$114:$N$158) -> 0 | H38: =SUMIF('cth sp'!$M$114:$M$158,B38,'cth sp'!$O$114:$O$158) -> 0 | I38: =SUMIF('cth sp'!$M$159:$M$389,B38,'cth sp'!$N$159:$N$389) -> 0 | J38: =SUMIF('cth sp'!$M$159:$M$389,B38,'cth sp'!$O$159:$O$389) -> 0 | K38: =E38+G38+I38 -> 0 | L38: =F38+H38+J38 -> 0 | M38: =D38+K38-L38 -> 1000000 | S38: =SUM(O38:R38) -> 0
A39: 30 | B39: A-030 | C39: Era puspitasari | D39: 1000000 | E39: =SUMIF('cth sp'!$M$9:$M$107,B39,'cth sp'!$N$9:$N$107) -> 0 | F39: =SUMIF('cth sp'!$M$9:$M$107,B39,'cth sp'!$O$9:$O$107) -> 0 | G39: =SUMIF('cth sp'!$M$114:$M$158,B39,'cth sp'!$N$114:$N$158) -> 0 | H39: =SUMIF('cth sp'!$M$114:$M$158,B39,'cth sp'!$O$114:$O$158) -> 0 | I39: =SUMIF('cth sp'!$M$159:$M$389,B39,'cth sp'!$N$159:$N$389) -> 0 | J39: =SUMIF('cth sp'!$M$159:$M$389,B39,'cth sp'!$O$159:$O$389) -> 0 | K39: =E39+G39+I39 -> 0 | L39: =F39+H39+J39 -> 0 | M39: =D39+K39-L39 -> 1000000 | S39: =SUM(O39:R39) -> 0
A40: 31 | B40: A-031 | C40: Sutjipto | D40: 1000000 | E40: =SUMIF('cth sp'!$M$9:$M$107,B40,'cth sp'!$N$9:$N$107) -> 1000000 | F40: =SUMIF('cth sp'!$M$9:$M$107,B40,'cth sp'!$O$9:$O$107) -> 1000000 | G40: =SUMIF('cth sp'!$M$114:$M$158,B40,'cth sp'!$N$114:$N$158) -> 0 | H40: =SUMIF('cth sp'!$M$114:$M$158,B40,'cth sp'!$O$114:$O$158) -> 0 | I40: =SUMIF('cth sp'!$M$159:$M$389,B40,'cth sp'!$N$159:$N$389) -> 0 | J40: =SUMIF('cth sp'!$M$159:$M$389,B40,'cth sp'!$O$159:$O$389) -> 0 | K40: =E40+G40+I40 -> 1000000 | L40: =F40+H40+J40 -> 1000000 | M40: =D40+K40-L40 -> 1000000 | S40: =SUM(O40:R40) -> 0
A41: 32 | B41: A-032 | C41: Titi Hari N | D41: 1000000 | E41: =SUMIF('cth sp'!$M$9:$M$107,B41,'cth sp'!$N$9:$N$107) -> 0 | F41: =SUMIF('cth sp'!$M$9:$M$107,B41,'cth sp'!$O$9:$O$107) -> 0 | G41: =SUMIF('cth sp'!$M$114:$M$158,B41,'cth sp'!$N$114:$N$158) -> 0 | H41: =SUMIF('cth sp'!$M$114:$M$158,B41,'cth sp'!$O$114:$O$158) -> 0 | I41: =SUMIF('cth sp'!$M$159:$M$389,B41,'cth sp'!$N$159:$N$389) -> 0 | J41: =SUMIF('cth sp'!$M$159:$M$389,B41,'cth sp'!$O$159:$O$389) -> 0 | K41: =E41+G41+I41 -> 0 | L41: =F41+H41+J41 -> 0 | M41: =D41+K41-L41 -> 1000000 | P41: 90000 | Q41: 20000 | R41: 30000 | S41: =SUM(O41:R41) -> 140000 | T41: 140000
A42: 33 | B42: A-033 | C42: Suryawan Wisnu Broto | D42: 0 | E42: =SUMIF('cth sp'!$M$9:$M$107,B42,'cth sp'!$N$9:$N$107) -> 0 | F42: =SUMIF('cth sp'!$M$9:$M$107,B42,'cth sp'!$O$9:$O$107) -> 0 | G42: =SUMIF('cth sp'!$M$114:$M$158,B42,'cth sp'!$N$114:$N$158) -> 0 | H42: =SUMIF('cth sp'!$M$114:$M$158,B42,'cth sp'!$O$114:$O$158) -> 0 | I42: =SUMIF('cth sp'!$M$159:$M$389,B42,'cth sp'!$N$159:$N$389) -> 0 | J42: =SUMIF('cth sp'!$M$159:$M$389,B42,'cth sp'!$O$159:$O$389) -> 0 | K42: =E42+G42+I42 -> 0 | L42: =F42+H42+J42 -> 0 | M42: =D42+K42-L42 -> 0 | O42: 835000 | S42: =SUM(O42:R42) -> 835000
A43: 34 | B43: A-034 | C43: Untung | D43: 1000000 | E43: =SUMIF('cth sp'!$M$9:$M$107,B43,'cth sp'!$N$9:$N$107) -> 0 | F43: =SUMIF('cth sp'!$M$9:$M$107,B43,'cth sp'!$O$9:$O$107) -> 0 | G43: =SUMIF('cth sp'!$M$114:$M$158,B43,'cth sp'!$N$114:$N$158) -> 0 | H43: =SUMIF('cth sp'!$M$114:$M$158,B43,'cth sp'!$O$114:$O$158) -> 0 | I43: =SUMIF('cth sp'!$M$159:$M$389,B43,'cth sp'!$N$159:$N$389) -> 0 | J43: =SUMIF('cth sp'!$M$159:$M$389,B43,'cth sp'!$O$159:$O$389) -> 0 | K43: =E43+G43+I43 -> 0 | L43: =F43+H43+J43 -> 0 | M43: =D43+K43-L43 -> 1000000 | P43: 70000 | S43: =SUM(O43:R43) -> 70000
A44: 35 | B44: A-035 | C44: Samingan | D44: 1000000 | E44: =SUMIF('cth sp'!$M$9:$M$107,B44,'cth sp'!$N$9:$N$107) -> 0 | F44: =SUMIF('cth sp'!$M$9:$M$107,B44,'cth sp'!$O$9:$O$107) -> 0 | G44: =SUMIF('cth sp'!$M$114:$M$158,B44,'cth sp'!$N$114:$N$158) -> 0 | H44: =SUMIF('cth sp'!$M$114:$M$158,B44,'cth sp'!$O$114:$O$158) -> 0 | I44: =SUMIF('cth sp'!$M$159:$M$389,B44,'cth sp'!$N$159:$N$389) -> 0 | J44: =SUMIF('cth sp'!$M$159:$M$389,B44,'cth sp'!$O$159:$O$389) -> 0 | K44: =E44+G44+I44 -> 0 | L44: =F44+H44+J44 -> 0 | M44: =D44+K44-L44 -> 1000000 | S44: =SUM(O44:R44) -> 0
A45: 36 | B45: A-036 | C45: Dwi Astutik | D45: 6000000 | E45: =SUMIF('cth sp'!$M$9:$M$107,B45,'cth sp'!$N$9:$N$107) -> 1000000 | F45: =SUMIF('cth sp'!$M$9:$M$107,B45,'cth sp'!$O$9:$O$107) -> 1000000 | G45: =SUMIF('cth sp'!$M$114:$M$158,B45,'cth sp'!$N$114:$N$158) -> 0 | H45: =SUMIF('cth sp'!$M$114:$M$158,B45,'cth sp'!$O$114:$O$158) -> 0 | I45: =SUMIF('cth sp'!$M$159:$M$389,B45,'cth sp'!$N$159:$N$389) -> 0 | J45: =SUMIF('cth sp'!$M$159:$M$389,B45,'cth sp'!$O$159:$O$389) -> 0 | K45: =E45+G45+I45 -> 1000000 | L45: =F45+H45+J45 -> 1000000 | M45: =D45+K45-L45 -> 6000000 | P45: 90000 | Q45: 20000 | R45: 30000 | S45: =SUM(O45:R45) -> 140000
A46: 37 | B46: A-037 | C46: Sulastri | D46: 1000000 | E46: =SUMIF('cth sp'!$M$9:$M$107,B46,'cth sp'!$N$9:$N$107) -> 0 | F46: =SUMIF('cth sp'!$M$9:$M$107,B46,'cth sp'!$O$9:$O$107) -> 0 | G46: =SUMIF('cth sp'!$M$114:$M$158,B46,'cth sp'!$N$114:$N$158) -> 0 | H46: =SUMIF('cth sp'!$M$114:$M$158,B46,'cth sp'!$O$114:$O$158) -> 0 | I46: =SUMIF('cth sp'!$M$159:$M$389,B46,'cth sp'!$N$159:$N$389) -> 0 | J46: =SUMIF('cth sp'!$M$159:$M$389,B46,'cth sp'!$O$159:$O$389) -> 0 | K46: =E46+G46+I46 -> 0 | L46: =F46+H46+J46 -> 0 | M46: =D46+K46-L46 -> 1000000 | P46: 90000 | Q46: 20000 | R46: 30000 | S46: =SUM(O46:R46) -> 140000 | T46: 140000
A47: 38 | B47: A-038 | C47: Paini | D47: 1000000 | E47: =SUMIF('cth sp'!$M$9:$M$107,B47,'cth sp'!$N$9:$N$107) -> 0 | F47: =SUMIF('cth sp'!$M$9:$M$107,B47,'cth sp'!$O$9:$O$107) -> 0 | G47: =SUMIF('cth sp'!$M$114:$M$158,B47,'cth sp'!$N$114:$N$158) -> 0 | H47: =SUMIF('cth sp'!$M$114:$M$158,B47,'cth sp'!$O$114:$O$158) -> 0 | I47: =SUMIF('cth sp'!$M$159:$M$389,B47,'cth sp'!$N$159:$N$389) -> 0 | J47: =SUMIF('cth sp'!$M$159:$M$389,B47,'cth sp'!$O$159:$O$389) -> 0 | K47: =E47+G47+I47 -> 0 | L47: =F47+H47+J47 -> 0 | M47: =D47+K47-L47 -> 1000000 | S47: =SUM(O47:R47) -> 0
A48: 39 | B48: A-039 | C48: M. Hilaluddin | D48: 0 | E48: =SUMIF('cth sp'!$M$9:$M$107,B48,'cth sp'!$N$9:$N$107) -> 0 | F48: =SUMIF('cth sp'!$M$9:$M$107,B48,'cth sp'!$O$9:$O$107) -> 0 | G48: =SUMIF('cth sp'!$M$114:$M$158,B48,'cth sp'!$N$114:$N$158) -> 0 | H48: =SUMIF('cth sp'!$M$114:$M$158,B48,'cth sp'!$O$114:$O$158) -> 0 | I48: =SUMIF('cth sp'!$M$159:$M$389,B48,'cth sp'!$N$159:$N$389) -> 0 | J48: =SUMIF('cth sp'!$M$159:$M$389,B48,'cth sp'!$O$159:$O$389) -> 0 | K48: =E48+G48+I48 -> 0 | L48: =F48+H48+J48 -> 0 | M48: =D48+K48-L48 -> 0 | S48: =SUM(O48:R48) -> 0
A49: 40 | B49: A-040 | C49: Kamdani | D49: 1000000 | E49: =SUMIF('cth sp'!$M$9:$M$107,B49,'cth sp'!$N$9:$N$107) -> 1000000 | F49: =SUMIF('cth sp'!$M$9:$M$107,B49,'cth sp'!$O$9:$O$107) -> 1000000 | G49: =SUMIF('cth sp'!$M$114:$M$158,B49,'cth sp'!$N$114:$N$158) -> 1000000 | H49: =SUMIF('cth sp'!$M$114:$M$158,B49,'cth sp'!$O$114:$O$158) -> 1000000 | I49: =SUMIF('cth sp'!$M$159:$M$389,B49,'cth sp'!$N$159:$N$389) -> 0 | J49: =SUMIF('cth sp'!$M$159:$M$389,B49,'cth sp'!$O$159:$O$389) -> 0 | K49: =E49+G49+I49 -> 2000000 | L49: =F49+H49+J49 -> 2000000 | M49: =D49+K49-L49 -> 1000000 | P49: 90000 | Q49: 20000 | R49: 30000 | S49: =SUM(O49:R49) -> 140000 | T49: 140000
A50: 41 | B50: A-041 | C50: Sumarmah | D50: 1000000 | E50: =SUMIF('cth sp'!$M$9:$M$107,B50,'cth sp'!$N$9:$N$107) -> 0 | F50: =SUMIF('cth sp'!$M$9:$M$107,B50,'cth sp'!$O$9:$O$107) -> 0 | G50: =SUMIF('cth sp'!$M$114:$M$158,B50,'cth sp'!$N$114:$N$158) -> 0 | H50: =SUMIF('cth sp'!$M$114:$M$158,B50,'cth sp'!$O$114:$O$158) -> 0 | I50: =SUMIF('cth sp'!$M$159:$M$389,B50,'cth sp'!$N$159:$N$389) -> 0 | J50: =SUMIF('cth sp'!$M$159:$M$389,B50,'cth sp'!$O$159:$O$389) -> 0 | K50: =E50+G50+I50 -> 0 | L50: =F50+H50+J50 -> 0 | M50: =D50+K50-L50 -> 1000000 | S50: =SUM(O50:R50) -> 0
A51: 42 | B51: A-042 | C51: Pariyono | D51: 1000000 | E51: =SUMIF('cth sp'!$M$9:$M$107,B51,'cth sp'!$N$9:$N$107) -> 0 | F51: =SUMIF('cth sp'!$M$9:$M$107,B51,'cth sp'!$O$9:$O$107) -> 0 | G51: =SUMIF('cth sp'!$M$114:$M$158,B51,'cth sp'!$N$114:$N$158) -> 1000000 | H51: =SUMIF('cth sp'!$M$114:$M$158,B51,'cth sp'!$O$114:$O$158) -> 1000000 | I51: =SUMIF('cth sp'!$M$159:$M$389,B51,'cth sp'!$N$159:$N$389) -> 0 | J51: =SUMIF('cth sp'!$M$159:$M$389,B51,'cth sp'!$O$159:$O$389) -> 0 | K51: =E51+G51+I51 -> 1000000 | L51: =F51+H51+J51 -> 1000000 | M51: =D51+K51-L51 -> 1000000 | P51: 90000 | Q51: 20000 | R51: 30000 | S51: =SUM(O51:R51) -> 140000 | T51: 140000
A52: 43 | B52: A-043 | C52: Priokustanto | D52: 1000000 | E52: =SUMIF('cth sp'!$M$9:$M$107,B52,'cth sp'!$N$9:$N$107) -> 1000000 | F52: =SUMIF('cth sp'!$M$9:$M$107,B52,'cth sp'!$O$9:$O$107) -> 1000000 | G52: =SUMIF('cth sp'!$M$114:$M$158,B52,'cth sp'!$N$114:$N$158) -> 0 | H52: =SUMIF('cth sp'!$M$114:$M$158,B52,'cth sp'!$O$114:$O$158) -> 0 | I52: =SUMIF('cth sp'!$M$159:$M$389,B52,'cth sp'!$N$159:$N$389) -> 0 | J52: =SUMIF('cth sp'!$M$159:$M$389,B52,'cth sp'!$O$159:$O$389) -> 0 | K52: =E52+G52+I52 -> 1000000 | L52: =F52+H52+J52 -> 1000000 | M52: =D52+K52-L52 -> 1000000 | P52: 90000 | Q52: 20000 | R52: 30000 | S52: =SUM(O52:R52) -> 140000 | T52: 140000
A53: 44 | B53: A-044 | C53: Vivi Diana | D53: 2000000 | E53: =SUMIF('cth sp'!$M$9:$M$107,B53,'cth sp'!$N$9:$N$107) -> 2000000 | F53: =SUMIF('cth sp'!$M$9:$M$107,B53,'cth sp'!$O$9:$O$107) -> 2000000 | G53: =SUMIF('cth sp'!$M$114:$M$158,B53,'cth sp'!$N$114:$N$158) -> 2000000 | H53: =SUMIF('cth sp'!$M$114:$M$158,B53,'cth sp'!$O$114:$O$158) -> 2000000 | I53: =SUMIF('cth sp'!$M$159:$M$389,B53,'cth sp'!$N$159:$N$389) -> 0 | J53: =SUMIF('cth sp'!$M$159:$M$389,B53,'cth sp'!$O$159:$O$389) -> 0 | K53: =E53+G53+I53 -> 4000000 | L53: =F53+H53+J53 -> 4000000 | M53: =D53+K53-L53 -> 2000000 | P53: 90000 | Q53: 20000 | R53: 30000 | S53: =SUM(O53:R53) -> 140000 | T53: 140000
A54: 45 | B54: A-045 | C54: Lilik Farida | D54: 1000000 | E54: =SUMIF('cth sp'!$M$9:$M$107,B54,'cth sp'!$N$9:$N$107) -> 0 | F54: =SUMIF('cth sp'!$M$9:$M$107,B54,'cth sp'!$O$9:$O$107) -> 0 | G54: =SUMIF('cth sp'!$M$114:$M$158,B54,'cth sp'!$N$114:$N$158) -> 0 | H54: =SUMIF('cth sp'!$M$114:$M$158,B54,'cth sp'!$O$114:$O$158) -> 0 | I54: =SUMIF('cth sp'!$M$159:$M$389,B54,'cth sp'!$N$159:$N$389) -> 0 | J54: =SUMIF('cth sp'!$M$159:$M$389,B54,'cth sp'!$O$159:$O$389) -> 0 | K54: =E54+G54+I54 -> 0 | L54: =F54+H54+J54 -> 0 | M54: =D54+K54-L54 -> 1000000 | P54: 90000 | Q54: 20000 | R54: 30000 | S54: =SUM(O54:R54) -> 140000 | T54: 140000
A55: 46 | B55: A-046 | C55: Riantin | D55: 1000000 | E55: =SUMIF('cth sp'!$M$9:$M$107,B55,'cth sp'!$N$9:$N$107) -> 0 | F55: =SUMIF('cth sp'!$M$9:$M$107,B55,'cth sp'!$O$9:$O$107) -> 0 | G55: =SUMIF('cth sp'!$M$114:$M$158,B55,'cth sp'!$N$114:$N$158) -> 0 | H55: =SUMIF('cth sp'!$M$114:$M$158,B55,'cth sp'!$O$114:$O$158) -> 0 | I55: =SUMIF('cth sp'!$M$159:$M$389,B55,'cth sp'!$N$159:$N$389) -> 0 | J55: =SUMIF('cth sp'!$M$159:$M$389,B55,'cth sp'!$O$159:$O$389) -> 0 | K55: =E55+G55+I55 -> 0 | L55: =F55+H55+J55 -> 0 | M55: =D55+K55-L55 -> 1000000 | S55: =SUM(O55:R55) -> 0
A56: 47 | B56: A-047 | C56: Susi Purwanti | D56: 1000000 | E56: =SUMIF('cth sp'!$M$9:$M$107,B56,'cth sp'!$N$9:$N$107) -> 0 | F56: =SUMIF('cth sp'!$M$9:$M$107,B56,'cth sp'!$O$9:$O$107) -> 0 | G56: =SUMIF('cth sp'!$M$114:$M$158,B56,'cth sp'!$N$114:$N$158) -> 0 | H56: =SUMIF('cth sp'!$M$114:$M$158,B56,'cth sp'!$O$114:$O$158) -> 0 | I56: =SUMIF('cth sp'!$M$159:$M$389,B56,'cth sp'!$N$159:$N$389) -> 0 | J56: =SUMIF('cth sp'!$M$159:$M$389,B56,'cth sp'!$O$159:$O$389) -> 0 | K56: =E56+G56+I56 -> 0 | L56: =F56+H56+J56 -> 0 | M56: =D56+K56-L56 -> 1000000 | S56: =SUM(O56:R56) -> 0
A57: 48 | B57: A-048 | C57: Slamet | D57: 1000000 | E57: =SUMIF('cth sp'!$M$9:$M$107,B57,'cth sp'!$N$9:$N$107) -> 0 | F57: =SUMIF('cth sp'!$M$9:$M$107,B57,'cth sp'!$O$9:$O$107) -> 0 | G57: =SUMIF('cth sp'!$M$114:$M$158,B57,'cth sp'!$N$114:$N$158) -> 0 | H57: =SUMIF('cth sp'!$M$114:$M$158,B57,'cth sp'!$O$114:$O$158) -> 0 | I57: =SUMIF('cth sp'!$M$159:$M$389,B57,'cth sp'!$N$159:$N$389) -> 0 | J57: =SUMIF('cth sp'!$M$159:$M$389,B57,'cth sp'!$O$159:$O$389) -> 0 | K57: =E57+G57+I57 -> 0 | L57: =F57+H57+J57 -> 0 | M57: =D57+K57-L57 -> 1000000 | P57: 90000 | Q57: 20000 | R57: 30000 | S57: =SUM(O57:R57) -> 140000 | T57: 140000
A58: 49 | B58: A-049 | C58: Siti Khoiriyah | D58: 0 | E58: =SUMIF('cth sp'!$M$9:$M$107,B58,'cth sp'!$N$9:$N$107) -> 0 | F58: =SUMIF('cth sp'!$M$9:$M$107,B58,'cth sp'!$O$9:$O$107) -> 0 | G58: =SUMIF('cth sp'!$M$114:$M$158,B58,'cth sp'!$N$114:$N$158) -> 0 | H58: =SUMIF('cth sp'!$M$114:$M$158,B58,'cth sp'!$O$114:$O$158) -> 0 | I58: =SUMIF('cth sp'!$M$159:$M$389,B58,'cth sp'!$N$159:$N$389) -> 0 | J58: =SUMIF('cth sp'!$M$159:$M$389,B58,'cth sp'!$O$159:$O$389) -> 0 | K58: =E58+G58+I58 -> 0 | L58: =F58+H58+J58 -> 0 | M58: =D58+K58-L58 -> 0 | S58: =SUM(O58:R58) -> 0
A59: 50 | B59: A-050 | C59: Parni | D59: 0 | E59: =SUMIF('cth sp'!$M$9:$M$107,B59,'cth sp'!$N$9:$N$107) -> 0 | F59: =SUMIF('cth sp'!$M$9:$M$107,B59,'cth sp'!$O$9:$O$107) -> 0 | G59: =SUMIF('cth sp'!$M$114:$M$158,B59,'cth sp'!$N$114:$N$158) -> 0 | H59: =SUMIF('cth sp'!$M$114:$M$158,B59,'cth sp'!$O$114:$O$158) -> 0 | I59: =SUMIF('cth sp'!$M$159:$M$389,B59,'cth sp'!$N$159:$N$389) -> 0 | J59: =SUMIF('cth sp'!$M$159:$M$389,B59,'cth sp'!$O$159:$O$389) -> 0 | K59: =E59+G59+I59 -> 0 | L59: =F59+H59+J59 -> 0 | M59: =D59+K59-L59 -> 0 | S59: =SUM(O59:R59) -> 0
A60: 51 | B60: A-051 | C60: Erika Dian | D60: 1000000 | E60: =SUMIF('cth sp'!$M$9:$M$107,B60,'cth sp'!$N$9:$N$107) -> 0 | F60: =SUMIF('cth sp'!$M$9:$M$107,B60,'cth sp'!$O$9:$O$107) -> 0 | G60: =SUMIF('cth sp'!$M$114:$M$158,B60,'cth sp'!$N$114:$N$158) -> 0 | H60: =SUMIF('cth sp'!$M$114:$M$158,B60,'cth sp'!$O$114:$O$158) -> 0 | I60: =SUMIF('cth sp'!$M$159:$M$389,B60,'cth sp'!$N$159:$N$389) -> 0 | J60: =SUMIF('cth sp'!$M$159:$M$389,B60,'cth sp'!$O$159:$O$389) -> 0 | K60: =E60+G60+I60 -> 0 | L60: =F60+H60+J60 -> 0 | M60: =D60+K60-L60 -> 1000000 | P60: 90000 | Q60: 20000 | R60: 30000 | S60: =SUM(O60:R60) -> 140000
A61: 52 | B61: A-052 | C61: Sudarmi | D61: 1000000 | E61: =SUMIF('cth sp'!$M$9:$M$107,B61,'cth sp'!$N$9:$N$107) -> 0 | F61: =SUMIF('cth sp'!$M$9:$M$107,B61,'cth sp'!$O$9:$O$107) -> 0 | G61: =SUMIF('cth sp'!$M$114:$M$158,B61,'cth sp'!$N$114:$N$158) -> 0 | H61: =SUMIF('cth sp'!$M$114:$M$158,B61,'cth sp'!$O$114:$O$158) -> 0 | I61: =SUMIF('cth sp'!$M$159:$M$389,B61,'cth sp'!$N$159:$N$389) -> 0 | J61: =SUMIF('cth sp'!$M$159:$M$389,B61,'cth sp'!$O$159:$O$389) -> 0 | K61: =E61+G61+I61 -> 0 | L61: =F61+H61+J61 -> 0 | M61: =D61+K61-L61 -> 1000000 | P61: 90000 | Q61: 20000 | R61: 30000 | S61: =SUM(O61:R61) -> 140000 | T61: 140000
A62: 53 | B62: A-053 | C62: Sutarti | D62: 1000000 | E62: =SUMIF('cth sp'!$M$9:$M$107,B62,'cth sp'!$N$9:$N$107) -> 0 | F62: =SUMIF('cth sp'!$M$9:$M$107,B62,'cth sp'!$O$9:$O$107) -> 0 | G62: =SUMIF('cth sp'!$M$114:$M$158,B62,'cth sp'!$N$114:$N$158) -> 0 | H62: =SUMIF('cth sp'!$M$114:$M$158,B62,'cth sp'!$O$114:$O$158) -> 0 | I62: =SUMIF('cth sp'!$M$159:$M$389,B62,'cth sp'!$N$159:$N$389) -> 0 | J62: =SUMIF('cth sp'!$M$159:$M$389,B62,'cth sp'!$O$159:$O$389) -> 0 | K62: =E62+G62+I62 -> 0 | L62: =F62+H62+J62 -> 0 | M62: =D62+K62-L62 -> 1000000 | P62: 90000 | Q62: 20000 | R62: 30000 | S62: =SUM(O62:R62) -> 140000 | T62: 140000
A63: 54 | B63: A-054 | C63: Ika Purwati | D63: 1000000 | E63: =SUMIF('cth sp'!$M$9:$M$107,B63,'cth sp'!$N$9:$N$107) -> 0 | F63: =SUMIF('cth sp'!$M$9:$M$107,B63,'cth sp'!$O$9:$O$107) -> 0 | G63: =SUMIF('cth sp'!$M$114:$M$158,B63,'cth sp'!$N$114:$N$158) -> 0 | H63: =SUMIF('cth sp'!$M$114:$M$158,B63,'cth sp'!$O$114:$O$158) -> 0 | I63: =SUMIF('cth sp'!$M$159:$M$389,B63,'cth sp'!$N$159:$N$389) -> 0 | J63: =SUMIF('cth sp'!$M$159:$M$389,B63,'cth sp'!$O$159:$O$389) -> 0 | K63: =E63+G63+I63 -> 0 | L63: =F63+H63+J63 -> 0 | M63: =D63+K63-L63 -> 1000000 | P63: 90000 | Q63: 20000 | R63: 30000 | S63: =SUM(O63:R63) -> 140000
A64: 55 | B64: A-055 | C64: Suliyah | D64: 1000000 | E64: =SUMIF('cth sp'!$M$9:$M$107,B64,'cth sp'!$N$9:$N$107) -> 0 | F64: =SUMIF('cth sp'!$M$9:$M$107,B64,'cth sp'!$O$9:$O$107) -> 0 | G64: =SUMIF('cth sp'!$M$114:$M$158,B64,'cth sp'!$N$114:$N$158) -> 0 | H64: =SUMIF('cth sp'!$M$114:$M$158,B64,'cth sp'!$O$114:$O$158) -> 0 | I64: =SUMIF('cth sp'!$M$159:$M$389,B64,'cth sp'!$N$159:$N$389) -> 0 | J64: =SUMIF('cth sp'!$M$159:$M$389,B64,'cth sp'!$O$159:$O$389) -> 0 | K64: =E64+G64+I64 -> 0 | L64: =F64+H64+J64 -> 0 | M64: =D64+K64-L64 -> 1000000 | P64: 90000 | Q64: 20000 | R64: 30000 | S64: =SUM(O64:R64) -> 140000 | T64: 140000
A65: 56 | B65: A-056 | C65: Warsiti | D65: 1000000 | E65: =SUMIF('cth sp'!$M$9:$M$107,B65,'cth sp'!$N$9:$N$107) -> 1000000 | F65: =SUMIF('cth sp'!$M$9:$M$107,B65,'cth sp'!$O$9:$O$107) -> 1000000 | G65: =SUMIF('cth sp'!$M$114:$M$158,B65,'cth sp'!$N$114:$N$158) -> 1000000 | H65: =SUMIF('cth sp'!$M$114:$M$158,B65,'cth sp'!$O$114:$O$158) -> 1000000 | I65: =SUMIF('cth sp'!$M$159:$M$389,B65,'cth sp'!$N$159:$N$389) -> 0 | J65: =SUMIF('cth sp'!$M$159:$M$389,B65,'cth sp'!$O$159:$O$389) -> 0 | K65: =E65+G65+I65 -> 2000000 | L65: =F65+H65+J65 -> 2000000 | M65: =D65+K65-L65 -> 1000000 | P65: 90000 | Q65: 20000 | R65: 30000 | S65: =SUM(O65:R65) -> 140000 | T65: 140000
A66: 57 | B66: A-057 | C66: Suparti | D66: 1000000 | E66: =SUMIF('cth sp'!$M$9:$M$107,B66,'cth sp'!$N$9:$N$107) -> 1000000 | F66: =SUMIF('cth sp'!$M$9:$M$107,B66,'cth sp'!$O$9:$O$107) -> 1000000 | G66: =SUMIF('cth sp'!$M$114:$M$158,B66,'cth sp'!$N$114:$N$158) -> 0 | H66: =SUMIF('cth sp'!$M$114:$M$158,B66,'cth sp'!$O$114:$O$158) -> 0 | I66: =SUMIF('cth sp'!$M$159:$M$389,B66,'cth sp'!$N$159:$N$389) -> 0 | J66: =SUMIF('cth sp'!$M$159:$M$389,B66,'cth sp'!$O$159:$O$389) -> 0 | K66: =E66+G66+I66 -> 1000000 | L66: =F66+H66+J66 -> 1000000 | M66: =D66+K66-L66 -> 1000000 | P66: 90000 | Q66: 20000 | R66: 30000 | S66: =SUM(O66:R66) -> 140000
A67: 58 | B67: A-058 | C67: Sunarsih | D67: 1000000 | E67: =SUMIF('cth sp'!$M$9:$M$107,B67,'cth sp'!$N$9:$N$107) -> 1000000 | F67: =SUMIF('cth sp'!$M$9:$M$107,B67,'cth sp'!$O$9:$O$107) -> 1000000 | G67: =SUMIF('cth sp'!$M$114:$M$158,B67,'cth sp'!$N$114:$N$158) -> 0 | H67: =SUMIF('cth sp'!$M$114:$M$158,B67,'cth sp'!$O$114:$O$158) -> 0 | I67: =SUMIF('cth sp'!$M$159:$M$389,B67,'cth sp'!$N$159:$N$389) -> 0 | J67: =SUMIF('cth sp'!$M$159:$M$389,B67,'cth sp'!$O$159:$O$389) -> 0 | K67: =E67+G67+I67 -> 1000000 | L67: =F67+H67+J67 -> 1000000 | M67: =D67+K67-L67 -> 1000000 | S67: =SUM(O67:R67) -> 0
A68: 59 | B68: A-059 | C68: Jumadi | D68: 1000000 | E68: =SUMIF('cth sp'!$M$9:$M$107,B68,'cth sp'!$N$9:$N$107) -> 0 | F68: =SUMIF('cth sp'!$M$9:$M$107,B68,'cth sp'!$O$9:$O$107) -> 0 | G68: =SUMIF('cth sp'!$M$114:$M$158,B68,'cth sp'!$N$114:$N$158) -> 0 | H68: =SUMIF('cth sp'!$M$114:$M$158,B68,'cth sp'!$O$114:$O$158) -> 0 | I68: =SUMIF('cth sp'!$M$159:$M$389,B68,'cth sp'!$N$159:$N$389) -> 0 | J68: =SUMIF('cth sp'!$M$159:$M$389,B68,'cth sp'!$O$159:$O$389) -> 0 | K68: =E68+G68+I68 -> 0 | L68: =F68+H68+J68 -> 0 | M68: =D68+K68-L68 -> 1000000 | P68: 90000 | Q68: 20000 | R68: 30000 | S68: =SUM(O68:R68) -> 140000
A69: 60 | B69: A-060 | C69: Lilik Indayati | D69: 1000000 | E69: =SUMIF('cth sp'!$M$9:$M$107,B69,'cth sp'!$N$9:$N$107) -> 1000000 | F69: =SUMIF('cth sp'!$M$9:$M$107,B69,'cth sp'!$O$9:$O$107) -> 1000000 | G69: =SUMIF('cth sp'!$M$114:$M$158,B69,'cth sp'!$N$114:$N$158) -> 0 | H69: =SUMIF('cth sp'!$M$114:$M$158,B69,'cth sp'!$O$114:$O$158) -> 0 | I69: =SUMIF('cth sp'!$M$159:$M$389,B69,'cth sp'!$N$159:$N$389) -> 0 | J69: =SUMIF('cth sp'!$M$159:$M$389,B69,'cth sp'!$O$159:$O$389) -> 0 | K69: =E69+G69+I69 -> 1000000 | L69: =F69+H69+J69 -> 1000000 | M69: =D69+K69-L69 -> 1000000 | S69: =SUM(O69:R69) -> 0
A70: 61 | B70: A-061 | C70: Ajisoko | D70: 1000000 | E70: =SUMIF('cth sp'!$M$9:$M$107,B70,'cth sp'!$N$9:$N$107) -> 0 | F70: =SUMIF('cth sp'!$M$9:$M$107,B70,'cth sp'!$O$9:$O$107) -> 0 | G70: =SUMIF('cth sp'!$M$114:$M$158,B70,'cth sp'!$N$114:$N$158) -> 0 | H70: =SUMIF('cth sp'!$M$114:$M$158,B70,'cth sp'!$O$114:$O$158) -> 0 | I70: =SUMIF('cth sp'!$M$159:$M$389,B70,'cth sp'!$N$159:$N$389) -> 0 | J70: =SUMIF('cth sp'!$M$159:$M$389,B70,'cth sp'!$O$159:$O$389) -> 0 | K70: =E70+G70+I70 -> 0 | L70: =F70+H70+J70 -> 0 | M70: =D70+K70-L70 -> 1000000 | P70: 180000 | Q70: 40000 | R70: 60000 | S70: =SUM(O70:R70) -> 280000
A71: 62 | B71: A-062 | C71: Endang | D71: 1000000 | E71: =SUMIF('cth sp'!$M$9:$M$107,B71,'cth sp'!$N$9:$N$107) -> 1000000 | F71: =SUMIF('cth sp'!$M$9:$M$107,B71,'cth sp'!$O$9:$O$107) -> 1000000 | G71: =SUMIF('cth sp'!$M$114:$M$158,B71,'cth sp'!$N$114:$N$158) -> 1000000 | H71: =SUMIF('cth sp'!$M$114:$M$158,B71,'cth sp'!$O$114:$O$158) -> 1000000 | I71: =SUMIF('cth sp'!$M$159:$M$389,B71,'cth sp'!$N$159:$N$389) -> 0 | J71: =SUMIF('cth sp'!$M$159:$M$389,B71,'cth sp'!$O$159:$O$389) -> 0 | K71: =E71+G71+I71 -> 2000000 | L71: =F71+H71+J71 -> 2000000 | M71: =D71+K71-L71 -> 1000000 | P71: 90000 | Q71: 20000 | R71: 30000 | S71: =SUM(O71:R71) -> 140000 | T71: 140000
A72: 63 | B72: A-063 | C72: Ratna Budi S. | D72: 1000000 | E72: =SUMIF('cth sp'!$M$9:$M$107,B72,'cth sp'!$N$9:$N$107) -> 0 | F72: =SUMIF('cth sp'!$M$9:$M$107,B72,'cth sp'!$O$9:$O$107) -> 0 | G72: =SUMIF('cth sp'!$M$114:$M$158,B72,'cth sp'!$N$114:$N$158) -> 0 | H72: =SUMIF('cth sp'!$M$114:$M$158,B72,'cth sp'!$O$114:$O$158) -> 0 | I72: =SUMIF('cth sp'!$M$159:$M$389,B72,'cth sp'!$N$159:$N$389) -> 0 | J72: =SUMIF('cth sp'!$M$159:$M$389,B72,'cth sp'!$O$159:$O$389) -> 0 | K72: =E72+G72+I72 -> 0 | L72: =F72+H72+J72 -> 0 | M72: =D72+K72-L72 -> 1000000 | S72: =SUM(O72:R72) -> 0
A73: 64 | B73: A-064 | C73: Winih I. | D73: 1000000 | E73: =SUMIF('cth sp'!$M$9:$M$107,B73,'cth sp'!$N$9:$N$107) -> 0 | F73: =SUMIF('cth sp'!$M$9:$M$107,B73,'cth sp'!$O$9:$O$107) -> 0 | G73: =SUMIF('cth sp'!$M$114:$M$158,B73,'cth sp'!$N$114:$N$158) -> 0 | H73: =SUMIF('cth sp'!$M$114:$M$158,B73,'cth sp'!$O$114:$O$158) -> 0 | I73: =SUMIF('cth sp'!$M$159:$M$389,B73,'cth sp'!$N$159:$N$389) -> 0 | J73: =SUMIF('cth sp'!$M$159:$M$389,B73,'cth sp'!$O$159:$O$389) -> 0 | K73: =E73+G73+I73 -> 0 | L73: =F73+H73+J73 -> 0 | M73: =D73+K73-L73 -> 1000000 | S73: =SUM(O73:R73) -> 0
A74: 65 | B74: A-065 | C74: BUDIONO | D74: 1000000 | E74: =SUMIF('cth sp'!$M$9:$M$107,B74,'cth sp'!$N$9:$N$107) -> 1000000 | F74: =SUMIF('cth sp'!$M$9:$M$107,B74,'cth sp'!$O$9:$O$107) -> 1000000 | G74: =SUMIF('cth sp'!$M$114:$M$158,B74,'cth sp'!$N$114:$N$158) -> 1000000 | H74: =SUMIF('cth sp'!$M$114:$M$158,B74,'cth sp'!$O$114:$O$158) -> 1000000 | I74: =SUMIF('cth sp'!$M$159:$M$389,B74,'cth sp'!$N$159:$N$389) -> 0 | J74: =SUMIF('cth sp'!$M$159:$M$389,B74,'cth sp'!$O$159:$O$389) -> 0 | K74: =E74+G74+I74 -> 2000000 | L74: =F74+H74+J74 -> 2000000 | M74: =D74+K74-L74 -> 1000000
A75: 66 | B75: A-066 | D75: 0 | E75: =SUMIF('cth sp'!$M$9:$M$107,B75,'cth sp'!$N$9:$N$107) -> 0 | F75: =SUMIF('cth sp'!$M$9:$M$107,B75,'cth sp'!$O$9:$O$107) -> 0 | G75: =SUMIF('cth sp'!$M$114:$M$158,B75,'cth sp'!$N$114:$N$158) -> 0 | H75: =SUMIF('cth sp'!$M$114:$M$158,B75,'cth sp'!$O$114:$O$158) -> 0 | I75: =SUMIF('cth sp'!$M$159:$M$389,B75,'cth sp'!$N$159:$N$389) -> 0 | J75: =SUMIF('cth sp'!$M$159:$M$389,B75,'cth sp'!$O$159:$O$389) -> 0 | K75: =E75+G75+I75 -> 0 | L75: =F75+H75+J75 -> 0 | M75: =D75+K75-L75 -> 0
A76: 67 | D76: 0 | E76: =SUMIF('cth sp'!$M$9:$M$107,B76,'cth sp'!$N$9:$N$107) -> 0 | F76: =SUMIF('cth sp'!$M$9:$M$107,B76,'cth sp'!$O$9:$O$107) -> 0 | G76: =SUMIF('cth sp'!$M$114:$M$158,B76,'cth sp'!$N$114:$N$158) -> 0 | H76: =SUMIF('cth sp'!$M$114:$M$158,B76,'cth sp'!$O$114:$O$158) -> 0 | K76: =E76+G76+I76 -> 0 | L76: =F76+H76+J76 -> 0 | M76: =D76+K76-L76 -> 0
A77: 68 | D77: 0 | E77: =SUMIF('cth sp'!$M$9:$M$107,B77,'cth sp'!$N$9:$N$107) -> 0 | F77: =SUMIF('cth sp'!$M$9:$M$107,B77,'cth sp'!$O$9:$O$107) -> 0 | G77: =SUMIF('cth sp'!$M$114:$M$158,B77,'cth sp'!$N$114:$N$158) -> 0 | H77: =SUMIF('cth sp'!$M$114:$M$158,B77,'cth sp'!$O$114:$O$158) -> 0 | K77: =E77+G77+I77 -> 0 | L77: =F77+H77+J77 -> 0 | M77: =D77+K77-L77 -> 0
A78: 69 | D78: 0 | E78: =SUMIF('cth sp'!$M$9:$M$107,B78,'cth sp'!$N$9:$N$107) -> 0 | F78: =SUMIF('cth sp'!$M$9:$M$107,B78,'cth sp'!$O$9:$O$107) -> 0 | G78: =SUMIF('cth sp'!$M$114:$M$158,B78,'cth sp'!$N$114:$N$158) -> 0 | H78: =SUMIF('cth sp'!$M$114:$M$158,B78,'cth sp'!$O$114:$O$158) -> 0 | K78: =E78+G78+I78 -> 0 | L78: =F78+H78+J78 -> 0 | M78: =D78+K78-L78 -> 0
A79: 70 | D79: 0 | E79: =SUMIF('cth sp'!$M$9:$M$107,B79,'cth sp'!$N$9:$N$107) -> 0 | F79: =SUMIF('cth sp'!$M$9:$M$107,B79,'cth sp'!$O$9:$O$107) -> 0 | G79: =SUMIF('cth sp'!$M$114:$M$158,B79,'cth sp'!$N$114:$N$158) -> 0 | H79: =SUMIF('cth sp'!$M$114:$M$158,B79,'cth sp'!$O$114:$O$158) -> 0 | K79: =E79+G79+I79 -> 0 | L79: =F79+H79+J79 -> 0 | M79: =D79+K79-L79 -> 0
A80: 71 | D80: 0 | E80: =SUMIF('cth sp'!$M$9:$M$107,B80,'cth sp'!$N$9:$N$107) -> 0 | F80: =SUMIF('cth sp'!$M$9:$M$107,B80,'cth sp'!$O$9:$O$107) -> 0 | G80: =SUMIF('cth sp'!$M$114:$M$158,B80,'cth sp'!$N$114:$N$158) -> 0 | H80: =SUMIF('cth sp'!$M$114:$M$158,B80,'cth sp'!$O$114:$O$158) -> 0 | K80: =E80+G80+I80 -> 0 | L80: =F80+H80+J80 -> 0 | M80: =D80+K80-L80 -> 0
A81: 72 | D81: 0 | E81: =SUMIF('cth sp'!$M$9:$M$107,B81,'cth sp'!$N$9:$N$107) -> 0 | F81: =SUMIF('cth sp'!$M$9:$M$107,B81,'cth sp'!$O$9:$O$107) -> 0 | G81: =SUMIF('cth sp'!$M$114:$M$158,B81,'cth sp'!$N$114:$N$158) -> 0 | H81: =SUMIF('cth sp'!$M$114:$M$158,B81,'cth sp'!$O$114:$O$158) -> 0 | K81: =E81+G81+I81 -> 0 | L81: =F81+H81+J81 -> 0 | M81: =D81+K81-L81 -> 0
A82: 73 | D82: 0 | E82: =SUMIF('cth sp'!$M$9:$M$107,B82,'cth sp'!$N$9:$N$107) -> 0 | F82: =SUMIF('cth sp'!$M$9:$M$107,B82,'cth sp'!$O$9:$O$107) -> 0 | G82: =SUMIF('cth sp'!$M$114:$M$158,B82,'cth sp'!$N$114:$N$158) -> 0 | H82: =SUMIF('cth sp'!$M$114:$M$158,B82,'cth sp'!$O$114:$O$158) -> 0 | K82: =E82+G82+I82 -> 0 | L82: =F82+H82+J82 -> 0 | M82: =D82+K82-L82 -> 0
A83: 74 | D83: 0 | E83: =SUMIF('cth sp'!$M$9:$M$107,B83,'cth sp'!$N$9:$N$107) -> 0 | F83: =SUMIF('cth sp'!$M$9:$M$107,B83,'cth sp'!$O$9:$O$107) -> 0 | G83: =SUMIF('cth sp'!$M$114:$M$158,B83,'cth sp'!$N$114:$N$158) -> 0 | H83: =SUMIF('cth sp'!$M$114:$M$158,B83,'cth sp'!$O$114:$O$158) -> 0 | K83: =E83+G83+I83 -> 0 | L83: =F83+H83+J83 -> 0 | M83: =D83+K83-L83 -> 0
A84: 75 | D84: 0 | E84: =SUMIF('cth sp'!$M$9:$M$107,B84,'cth sp'!$N$9:$N$107) -> 0 | F84: =SUMIF('cth sp'!$M$9:$M$107,B84,'cth sp'!$O$9:$O$107) -> 0 | G84: =SUMIF('cth sp'!$M$114:$M$158,B84,'cth sp'!$N$114:$N$158) -> 0 | H84: =SUMIF('cth sp'!$M$114:$M$158,B84,'cth sp'!$O$114:$O$158) -> 0 | K84: =E84+G84+I84 -> 0 | L84: =F84+H84+J84 -> 0 | M84: =D84+K84-L84 -> 0
D85: =SUM(D9:D84) -> 95000000 | E85: =SUM(E9:E84) -> 20000000 | F85: =SUM(F9:F84) -> 25000000 | G85: =SUM(G9:G84) -> 8000000 | H85: =SUM(H9:H84) -> 9000000 | I85: =SUM(I9:I84) -> 0 | J85: =SUM(J9:J84) -> 0 | K85: =SUM(K10:K84) -> 28000000 | L85: =SUM(L10:L84) -> 29000000 | M85: =SUM(M10:M84) -> 61000000 | O85: =SUM(O10:O84) -> 2670000 | P85: =SUM(P10:P84) -> 3400000 | Q85: =SUM(Q10:Q84) -> 740000 | R85: =SUM(R10:R84) -> 1110000 | S85: =SUM(S10:S84) -> 7920000 | T85: =SUM(T10:T84) -> 3780000
E86: =E85-50000000 -> -30000000 | F86: =F85-50000000 -> -25000000 | H86: =H85-15000000 -> -6000000 | M86: =SUM(M10:M84)+M9 -> 89000000 | O86: =O85+P85+Q85+R85 -> 7920000 | S86: =7920000-S85 -> 0
J88: ='PERUBAHAN MODAL'!D24 -> Balongbesuk, 15 Januari 2025
H89: =tabungan!I172 -> Balongbesuk, 15 Januari 2025 | J89: =BANK!D26 -> Dibuat Oleh;
C90: =tabungan!C173 -> Mengetahui | H90: =tabungan!I173 -> Dilaporkan Oleh
H91: =tabungan!I174 -> kepala Unit Simpan Pinjam
J94: =BANK!D30 -> MAMIK KURNIAWATI
C95: =tabungan!C178 -> DODIK SUSANTO, S.Fil.I | H95: =tabungan!I178 -> ERA PUSPITA SARI | J95: =BANK!D31 -> Bendahara BUMDesa "BAROKAH"
C96: =tabungan!C179 -> Direktur BUMDES

Sheet CTH lapak
A1: CATATAN HARIAN
A2: BUMDES "BAROKAH" Balongbesuk Diwek Jombang
A3: ='sum sp'!B3 -> TAHUN ANGGARAN 2025
A4: UNIT JASA LAPAK | H4: 3253850
H5: =H4-100000 -> 3153850
A6: TANGGAL | B6: CODE | C6: Penerima | D6: URAIAN | E6: UMUM | G6: KAS | J6: BANK | M6: HUTANG SEWA LAPAK
E7: MASUK | F7: KELUAR | G7: MASUK | H7: KELUAR | I7: SISA | J7: MASUK | K7: KELUAR | L7: SISA | N7: MASUK | O7: KELUAR | P7: SISA
A8: 45658 | D8: Saldo awal tahun 2025 | E8: 3253850 | G8: 3153850 | I8: =G8-H8 -> 3153850 | J8: 100000 | L8: =J8-K8 -> 100000 | P8: =N8-O8 -> 0
A9: 45658 | B9: 5102 | D9: Transportasi | F9: 300000 | H9: 300000 | I9: =I8+G9-H9 -> 2853850 | L9: =L8+J9-K9 -> 100000 | P9: =P8+N9-O9 -> 0
B10: 5109 | D10: Koreksi laporan tahun 2024 | F10: 2434850 | H10: 2434850 | I10: =I9+G10-H10 -> 419000
A11: 7/Maret/2025 | B11: 2001 | C11: SUGIATI | D11: pendapatan sewa lapak 25 (tahun 2024) | E11: 1000000 | G11: 1000000 | I11: =I10+G11-H11 -> 1419000 | L11: =#REF!+J11-K11 -> #REF!
A12: 7/Maret/2025 | B12: 2001 | C12: H. Abd Hamid Muzaki | D12: pendapatan sewa lapakH. Abd Hamid Muzaki | E12: 1500000 | G12: 1500000 | I12: =I11+G12-H12 -> 2919000 | L12: =L11+J12-K12 -> #REF!
A13: 20/Maret/2025 | B13: 5201 | C13: Dodik | D13: PemaSangan Meteran Listrik Balong | F13: 1200000 | H13: 1200000 | I13: =I12+G13-H13 -> 1719000 | L13: =L12+J13-K13 -> #REF!
A14: 04- juni 2025 | B14: 2001 | C14: SUSILO | D14: Pendapatan Sewa Lapak 43, 44 | E14: 4000000 | G14: 4000000 | I14: =I13+G14-H14 -> 5719000 | L14: =L13+J14-K14 -> #REF!
A15: 21- Agustus 2025 | B15: 2001 | C15: SUWONO | D15: Pendapatan Sewa Lapak 13, | E15: 1000000 | G15: 1000000 | I15: =I14+G15-H15 -> 6719000 | L15: =L14+J15-K15 -> #REF!
A16: 1- seeptember 2025 | B16: 5102 | D16: Biaya Study Banding Ke tambakrejo | F16: 1000000 | H16: 1000000 | I16: =I15+G16-H16 -> 5719000 | L16: =L15+J16-K16 -> #REF!
A17: 21-Agustus- 2025 | B17: 2001 | C17: DODIK | D17: Pendapatan sewa laapak 1,2, 3 | E17: 3000000 | G17: 3000000 | I17: =I16+G17-H17 -> 8719000 | L17: =L16+J17-K17 -> #REF!
A18: 6- seeptember 2025 | B18: 2001 | C18: MUNJIROH | D18: Pendapatan sewa lapak 27, 28 (tahun 2024) | E18: 2000000 | G18: 2000000 | I18: =I17+G18-H18 -> 10719000 | L18: =L17+J18-K18 -> #REF!
A19: 11- seeptember 2025 | B19: 2001 | C19: RISTAKUL J | D19: Pendapatan sewa lapak 20 (tahun 2024) | E19: 1000000 | G19: 1000000 | I19: =I18+G19-H19 -> 11719000 | L19: =L18+J19-K19 -> #REF!
A20: 18-10-2025 | B20: 2001 | C20: ABD. HAMID | D20: Pendapatan sewa lapak 23, 24 (tahun KEDUA) | E20: 3000000 | G20: 3000000 | I20: =I19+G20-H20 -> 14719000 | L20: =L19+J20-K20 -> #REF!
B21: 2001 | C21: es batu | D21: Pendapatan sewa lapak 11, 12 (tahun ke 2) | E21: 2000000 | G21: 2000000 | I21: =I20+G21-H21 -> 16719000
B22: 2001 | C22: DODIK B | D22: Pendapatan sewa lapak 4, 5 | E22: 2000000 | G22: 2000000 | I22: =I21+G22-H22 -> 18719000
B23: 2001 | C23: EKA F | D23: Pendapatan sewa lapak 35, 36, 37 | E23: 3000000 | G23: 3000000 | I23: =I22+G23-H23 -> 21719000 | L23: =L20+J23-K23 -> #REF!
B24: 5101 | C24: Arifin | D24: INSENTIF Pengelolah LapaK | F24: 6515700 | H24: 6515700 | I24: =I23+G24-H24 -> 15203300
B25: STR | C25: Mamik | D25: setor ke BUMDES | F25: 15203300 | H25: 15203300 | I25: =I24+G25-H25 -> 0 | L25: =L23+J25-K25 -> #REF!
D26: Bulan ini | E26: =SUM(E9:E25) -> 23500000 | F26: =SUM(F9:F25) -> 26653850 | G26: =SUM(G9:G25) -> 23500000 | H26: =SUM(H9:H25) -> 26653850 | J26: =SUM(J9:J25) -> 0 | K26: =SUM(K9:K25) -> 0 | N26: =SUM(N9:N25) -> 0 | O26: =SUM(O9:O25) -> 0
D27: Sampai bulan ini | E27: =E8+E26 -> 26753850 | F27: =F8+F26 -> 26653850 | G27: =G8+G26 -> 26653850 | H27: =H8+H26 -> 26653850 | J27: =J8+J26 -> 100000 | K27: =K8+K26 -> 0 | N27: =N8+N26 -> 0 | O27: =O8+O26 -> 0
D28: SALDO | E28: =E27-F27 -> 100000 | G28: =G27-H27 -> 0 | J28: =J27-K27 -> 100000 | N28: =N27-O27 -> 0

Sheet SUM LAPAK
A1: CASH FLOW
A2: BUMDES "BAROKAH" BALONGBESUK DIWEK JOMBANG
A3: TAHUN ANGGARAN 2024
A5: UNIT USAHA LAPAK UMKM
A7: CODE | B7: URAIAN | C7: TAHUN 2022 | D7: TOTAL
A10: 1000 | B10: DANA AWAL | D10: =SUM(C10:C10) -> 0
A12: 2000 | B12: PENDAPATAN | C12: =SUM(C13:C13) -> 23500000 | D12: =SUM(D13:D14) -> 23500000
A13: 2001 | B13: Pendapatan Pengelolaan Lapak | C13: =SUMIF('CTH lapak'!$B$8:$B$25,A13,'CTH lapak'!$E$8:$E$25) -> 23500000 | D13: =SUM(C13:C13) -> 23500000
A14: 2009 | B14: Pendapatan sumbangan | C14: =SUMIF('CTH lapak'!$B$8:$B$25,A14,'CTH lapak'!$E$8:$E$25) -> 0 | D14: =SUM(C14:C14) -> 0
A15: 3000 | B15: PIUTANG KOMITMENT | C15: =SUM(C16:C16) -> 0 | D15: =SUM(D16:D16) -> 0
A16: 3001 | B16: Piutang Komitment Sewa Lapak | C16: =SUMIF('CTH lapak'!$B$8:$B$25,A16,'CTH lapak'!$E$8:$E$25) -> 0 | D16: =SUM(C16:C16) -> 0
B18: TOTAL MASUK | C18: =C10+C12+C15 -> 23500000 | D18: =D10+D12+D15 -> 23500000
A20: 5000 | B20: BELANJA | C20: =C21 -> 10250550 | D20: =D21 -> 10250550
A21: 5100 | B21: Operasional | C21: =SUM(C22:C29) -> 10250550 | D21: =SUM(D22:D29) -> 10250550
A22: 5101 | B22: Gaji/Honor /Insentif Pegawai | C22: =SUMIF('CTH lapak'!$B$8:$B$25,A22,'CTH lapak'!$F$8:$F$25) -> 6515700 | D22: =SUM(C22) -> 6515700
A23: 5102 | B23: Transportasi | C23: =SUMIF('CTH lapak'!$B$8:$B$25,A23,'CTH lapak'!$F$8:$F$25) -> 1300000 | D23: =SUM(C23) -> 1300000
A24: 5103 | B24: Peralatan Kebersihan | C24: =SUMIF('CTH lapak'!$B$8:$B$25,A24,'CTH lapak'!$F$8:$F$25) -> 0 | D24: =SUM(C24) -> 0
A25: 5104 | B25: Listrik | C25: =SUMIF('CTH lapak'!$B$8:$B$25,A25,'CTH lapak'!$F$8:$F$25) -> 0 | D25: =SUM(C25) -> 0
A26: 5105 | B26: ATK, Cetak dan Penggandaan | C26: =SUMIF('CTH lapak'!$B$8:$B$25,A26,'CTH lapak'!$F$8:$F$25) -> 0 | D26: =SUM(C26) -> 0
A27: 5106 | B27: Pemetaan Lapak | C27: =SUMIF('CTH lapak'!$B$8:$B$25,A27,'CTH lapak'!$F$8:$F$25) -> 0 | D27: =SUM(C27) -> 0
A28: 5107 | B28: Rapat-Rapat | C28: =SUMIF('CTH lapak'!$B$8:$B$25,A28,'CTH lapak'!$F$8:$F$25) -> 0 | D28: =SUM(C28) -> 0
A29: 5109 | B29: Belanja Lain-Lain | C29: =SUMIF('CTH lapak'!$B$8:$B$25,A29,'CTH lapak'!$F$8:$F$25) -> 2434850 | D29: =SUM(C29) -> 2434850
A31: 5200 | B31: PERLENGKAPAN | C31: =C32 -> 1200000 | D31: =D32 -> 1200000
A32: 5201 | B32: PERLENGKAPAN ELEKTRIK | C32: =SUMIF('CTH lapak'!$B$8:$B$25,A32,'CTH lapak'!$F$8:$F$25) -> 1200000 | D32: =SUM(C32) -> 1200000
C33: =SUMIF('CTH lapak'!$B$8:$B$25,A33,'CTH lapak'!$F$8:$F$25) -> 0
A34: 3000 | B34: PIUTANG | C34: =SUM(C35:C36) -> 0 | D34: =SUM(D35:D36) -> 0
A35: 3001 | B35: Piutang Komitment Sewa Lapak | D35: =SUM(C35) -> 0
A36: 3002 | B36: Piutang Pihak Ke 3 | C36: =SUMIF('CTH lapak'!$B$8:$B$25,A36,'CTH lapak'!$F$8:$F$25) -> 0 | D36: =SUM(C36) -> 0
A38: STR | B38: SETOR KE BENDAHARA | C38: =SUMIF('CTH lapak'!$B$8:$B$25,A38,'CTH lapak'!$F$8:$F$25) -> 15203300 | D38: =SUM(C38) -> 15203300
B39: JUMLAH | C39: =C34+C20+C31+C38 -> 26653850 | D39: =D34+D20+D31+D38 -> 26653850
B40: SURPLUS / DEVISIT | C40: =C18-C39 -> -3153850 | D40: =D18-D39 -> -3153850
B43: MODAL AWAL | C43: 3253850
B44: PENDAPATAN | C44: =D12 -> 23500000
B45: PENGEMBALIAN PIUTANG | C45: =D16 -> 0
B46: TOTAL | C46: =C44+C45 -> 23500000
B48: PENGELUARAN
B50: Operasioal | C50: =D21 -> 10250550
B51: perlengkapan | C51: =D31 -> 1200000
B52: piutang | C52: =D36 -> 0
B53: Setor Ke Bendahara | C53: =D38 -> 15203300
B54: TOTAL | C54: =SUM(C50:C53) -> 26653850
B55: TOTAL LEBIH/KURANG | C55: =(C46+C43)-C54 -> 100000
B57: Kas | C57: ='CTH lapak'!G28 -> 0
B58: Bank | C58: 100000
C59: =SUM(C57:C58) -> 100000 | D59: =C55-C59 -> 0
C61: =tabungan!I76 -> Balongbesuk, 15 Januari 2025
B62: Mengetahui; | C62: Dibuat Oleh
C63: Kepala unit Pengelolaan LAPAK
B67: =tabungan!C178 -> DODIK SUSANTO, S.Fil.I | C67: Muhammad Arifin
B68: =tabungan!C179 -> Direktur BUMDES

Sheet cth sp
A1: =Sheet1!C7 -> " BAROKAH "
A2: =Sheet1!C8 -> Desa Balongbesuk Kecamatan Diwek Kabupaten Jombang
A3: =Sheet1!C4 -> TAHUN ANGGARAN 2025 | N3: 57000000
O4: 62000000 | S4: 2800000
A5: CATATAN HARIAN | O5: 33000000 | S5: 14520000
O6: =SUM(O4:O5) -> 95000000 | S6: =SUM(S4:S5) -> 17320000
A7: TANGGAL | B7: CODE | C7: Penerima | D7: URAIAN | E7: UMUM | G7: KAS | J7: BANK | N7: PIUTANG | Q7: CODE | R7: TABUNGAN
E8: MASUK | F8: KELUAR | G8: MASUK | H8: KELUAR | I8: SISA | J8: MASUK | K8: KELUAR | L8: SISA | N8: MASUK | O8: KELUAR | P8: SISA | R8: MASUK | S8: KELUAR | T8: SISA
A9: 45658 | D9: Saldo awal tahun 2025 | I9: =G9-H9 -> 0 | J9: 0 | L9: =J9-K9 -> 0 | N9: 95000000 | P9: =N9-O9 -> 95000000 | R9: 17320000 | T9: =R9-S9 -> 17320000
A10: 23/05/2025 | B10: 2002 | D10: Pengembalian Uang dari Gapoktan | I10: =I9+G10-H10 -> 0 | L10: =L9+J10-K10 -> 0 | M10: A-000 | P10: =P9+N10-O10 -> 95000000 | T10: =T9+R10-S10 -> 17320000
A11: 20/05/2025 | B11: 2001 | C11: Sutjipto | D11: Pengembalian Pinjaman Masyarakat | E11: 1000000 | G11: 1000000 | I11: =I10+G11-H11 -> 1000000 | L11: =#REF!+J11-K11 -> #REF! | M11: A-031 | O11: 1000000 | P11: =P10+N11-O11 -> 94000000 | T11: =T10+R11-S11 -> 17320000
A12: 20/05/2025 | B12: 2001 | C12: budiono | D12: Pengembalian Pinjaman Masyarakat | E12: 1000000 | G12: 1000000 | I12: =I11+G12-H12 -> 2000000 | L12: =L11+J12-K12 -> #REF! | M12: A-065 | O12: 1000000 | P12: =P11+N12-O12 -> 93000000 | T12: =T11+R12-S12 -> 17320000
A13: 20/05/2025 | B13: 2001 | C13: Anwar | D13: Pengembalian Pinjaman Masyarakat | E13: 1000000 | G13: 1000000 | I13: =I12+G13-H13 -> 3000000 | L13: =L12+J13-K13 -> #REF! | M13: A-015 | O13: 1000000 | P13: =P12+N13-O13 -> 92000000 | T13: =T12+R13-S13 -> 17320000
A14: 20/05/2025 | B14: 2001 | C14: Sunarsih | D14: Pengembalian Pinjaman Masyarakat | E14: 1000000 | G14: 1000000 | I14: =I13+G14-H14 -> 4000000 | L14: =L13+J14-K14 -> #REF! | M14: A-058 | O14: 1000000 | P14: =P13+N14-O14 -> 91000000 | T14: =T13+R14-S14 -> 17320000
A15: 20/05/2025 | B15: 2001 | C15: Vivi Diana | D15: Pengembalian Pinjaman Masyarakat | E15: 2000000 | G15: 2000000 | I15: =I14+G15-H15 -> 6000000 | L15: =L14+J15-K15 -> #REF! | M15: A-044 | O15: 2000000 | P15: =P14+N15-O15 -> 89000000 | T15: =T14+R15-S15 -> 17320000
A16: 20/05/2025 | B16: 2001 | C16: bagus S | D16: Pengembalian Pinjaman Masyarakat | E16: 1000000 | G16: 1000000 | I16: =I15+G16-H16 -> 7000000 | L16: =L15+J16-K16 -> #REF! | M16: A-027 | O16: 1000000 | P16: =P15+N16-O16 -> 88000000 | T16: =T15+R16-S16 -> 17320000
A17: 20/05/2025 | B17: 2001 | C17: warsiti | D17: Pengembalian Pinjaman Masyarakat | E17: 1000000 | G17: 1000000 | I17: =I16+G17-H17 -> 8000000 | L17: =L16+J17-K17 -> #REF! | M17: A-056 | O17: 1000000 | P17: =P16+N17-O17 -> 87000000 | T17: =T16+R17-S17 -> 17320000
A18: 20/05/2025 | B18: 2001 | C18: kamdani | D18: Pengembalian Pinjaman Masyarakat | E18: 1000000 | G18: 1000000 | I18: =I17+G18-H18 -> 9000000 | L18: =L17+J18-K18 -> #REF! | M18: A-040 | O18: 1000000 | P18: =P17+N18-O18 -> 86000000 | T18: =T17+R18-S18 -> 17320000
A19: 20/05/2025 | B19: 2001 | C19: endang | D19: Pengembalian Pinjaman Masyarakat | E19: 1000000 | G19: 1000000 | I19: =I18+G19-H19 -> 10000000 | L19: =L18+J19-K19 -> #REF! | M19: A-062 | O19: 1000000 | P19: =P18+N19-O19 -> 85000000 | T19: =T18+R19-S19 -> 17320000
A20: 20/05/2025 | B20: 2001 | C20: priyo kustanto | D20: Pengembalian Pinjaman Masyarakat | E20: 1000000 | G20: 1000000 | I20: =I19+G20-H20 -> 11000000 | L20: =L19+J20-K20 -> #REF! | M20: A-043 | O20: 1000000 | P20: =P19+N20-O20 -> 84000000 | T20: =T19+R20-S20 -> 17320000
A21: 20/05/2025 | B21: 2001 | C21: kuswinarti | D21: Pengembalian Pinjaman Masyarakat | E21: 1000000 | G21: 1000000 | I21: =I20+G21-H21 -> 12000000 | L21: =L20+J21-K21 -> #REF! | M21: A-006 | O21: 1000000 | P21: =P20+N21-O21 -> 83000000 | T21: =T20+R21-S21 -> 17320000
A22: 20/05/2025 | B22: 2001 | C22: siti nur afifah | D22: Pengembalian Pinjaman Masyarakat | E22: 1000000 | G22: 1000000 | I22: =I21+G22-H22 -> 13000000 | L22: =L21+J22-K22 -> #REF! | M22: A-022 | O22: 1000000 | P22: =P21+N22-O22 -> 82000000 | T22: =T21+R22-S22 -> 17320000
A23: 20/05/2025 | B23: 2001 | C23: siti djayanti | D23: Pengembalian Pinjaman Masyarakat | E23: 1000000 | G23: 1000000 | I23: =I22+G23-H23 -> 14000000 | M23: A-001 | O23: 1000000 | P23: =P22+N23-O23 -> 81000000 | T23: =T22+R23-S23 -> 17320000
A24: 20/05/2025 | B24: 2001 | C24: hari bayudi | D24: Pengembalian Pinjaman Masyarakat | E24: 1000000 | G24: 1000000 | I24: =I23+G24-H24 -> 15000000 | L24: =L22+J24-K24 -> #REF! | M24: A-024 | O24: 1000000 | P24: =P23+N24-O24 -> 80000000 | T24: =T23+R24-S24 -> 17320000
A25: 20/05/2025 | B25: 2001 | C25: lilik indayani | D25: Pengembalian Pinjaman Masyarakat | E25: 1000000 | G25: 1000000 | I25: =I24+G25-H25 -> 16000000 | L25: =L24+J25-K25 -> #REF! | M25: A-060 | O25: 1000000 | P25: =P24+N25-O25 -> 79000000 | T25: =T24+R25-S25 -> 17320000
A26: 20/05/2025 | B26: 2001 | C26: ilham handrik | D26: Pengembalian Pinjaman Masyarakat | E26: 1000000 | G26: 1000000 | I26: =I25+G26-H26 -> 17000000 | M26: A-025 | O26: 1000000 | P26: =P25+N26-O26 -> 78000000 | T26: =T25+R26-S26 -> 17320000
A27: 20/05/2025 | B27: 2001 | C27: M. arifin | D27: Pengembalian Pinjaman Masyarakat | E27: 1000000 | G27: 1000000 | I27: =I26+G27-H27 -> 18000000 | M27: A-020 | O27: 1000000 | P27: =P26+N27-O27 -> 77000000 | T27: =T26+R27-S27 -> 17320000
A28: 20/05/2025 | B28: 2001 | C28: Dwi Astutik | D28: Pengembalian Pinjaman Masyarakat | E28: 1000000 | G28: 1000000 | I28: =I27+G28-H28 -> 19000000 | M28: A-036 | O28: 1000000 | P28: =P27+N28-O28 -> 76000000 | T28: =T27+R28-S28 -> 17320000
A29: 20/05/2025 | B29: 2001 | C29: suparti | D29: Pengembalian Pinjaman Masyarakat | E29: 1000000 | G29: 1000000 | I29: =I28+G29-H29 -> 20000000 | M29: A-057 | O29: 1000000 | P29: =P28+N29-O29 -> 75000000 | T29: =T28+R29-S29 -> 17320000
A30: 20/05/2025 | B30: 4103 | C30: Gapoktan | D30: Pendapatan Jasa dari GAPOKTAN | E30: 600000 | G30: 600000 | I30: =I29+G30-H30 -> 20600000 | P30: =P29+N30-O30 -> 75000000 | T30: =T29+R30-S30 -> 17320000
A31: 20/05/2025 | B31: 2001 | C31: Sutjipto | D31: Penyaluran Pinjaman Masyarakat | F31: 1000000 | H31: 1000000 | I31: =I30+G31-H31 -> 19600000 | M31: A-031 | N31: 1000000 | P31: =P30+N31-O31 -> 76000000 | T31: =T30+R31-S31 -> 17320000
A32: 20/05/2025 | B32: 2001 | C32: budiono | D32: Penyaluran Pinjaman Masyarakat | F32: 1000000 | H32: 1000000 | I32: =I31+G32-H32 -> 18600000 | M32: A-065 | N32: 1000000 | P32: =P31+N32-O32 -> 77000000 | T32: =T31+R32-S32 -> 17320000
A33: 20/05/2025 | B33: 2001 | C33: Anwar | D33: Penyaluran Pinjaman Masyarakat | F33: 1000000 | H33: 1000000 | I33: =I32+G33-H33 -> 17600000 | M33: A-015 | N33: 1000000 | P33: =P32+N33-O33 -> 78000000 | T33: =T32+R33-S33 -> 17320000
A34: 23/05/2025 | B34: 2001 | C34: Sunarsih | D34: Penyaluran Pinjaman Masyarakat | F34: 1000000 | H34: 1000000 | I34: =I33+G34-H34 -> 16600000 | M34: A-058 | N34: 1000000 | P34: =P33+N34-O34 -> 79000000 | T34: =T33+R34-S34 -> 17320000
A35: 23/05/2025 | B35: 2001 | C35: Vivi Diana | D35: Penyaluran Pinjaman Masyarakat | F35: 2000000 | H35: 2000000 | I35: =I34+G35-H35 -> 14600000 | M35: A-044 | N35: 2000000 | P35: =P34+N35-O35 -> 81000000 | T35: =T34+R35-S35 -> 17320000
A36: 23/05/2025 | B36: 2001 | C36: bagus S | D36: Penyaluran Pinjaman Masyarakat | F36: 1000000 | H36: 1000000 | I36: =I35+G36-H36 -> 13600000 | M36: A-027 | N36: 1000000 | P36: =P35+N36-O36 -> 82000000 | T36: =T35+R36-S36 -> 17320000
A37: 23/05/2025 | B37: 2001 | C37: warsiti | D37: Penyaluran Pinjaman Masyarakat | F37: 1000000 | H37: 1000000 | I37: =I36+G37-H37 -> 12600000 | M37: A-056 | N37: 1000000 | P37: =P36+N37-O37 -> 83000000 | T37: =T36+R37-S37 -> 17320000
A38: 23/05/2025 | B38: 2001 | C38: kamdani | D38: Penyaluran Pinjaman Masyarakat | F38: 1000000 | H38: 1000000 | I38: =I37+G38-H38 -> 11600000 | M38: A-040 | N38: 1000000 | P38: =P37+N38-O38 -> 84000000 | T38: =T37+R38-S38 -> 17320000
A39: 23/05/2025 | B39: 2001 | C39: endang | D39: Penyaluran Pinjaman Masyarakat | F39: 1000000 | H39: 1000000 | I39: =I38+G39-H39 -> 10600000 | M39: A-062 | N39: 1000000 | P39: =P38+N39-O39 -> 85000000 | T39: =T38+R39-S39 -> 17320000
A40: 23/05/2025 | B40: 2001 | C40: priyo kustanto | D40: Penyaluran Pinjaman Masyarakat | F40: 1000000 | H40: 1000000 | I40: =I39+G40-H40 -> 9600000 | M40: A-043 | N40: 1000000 | P40: =P39+N40-O40 -> 86000000 | T40: =T39+R40-S40 -> 17320000
A41: 23/05/2025 | B41: 2001 | C41: kuswinarti | D41: Penyaluran Pinjaman Masyarakat | F41: 1000000 | H41: 1000000 | I41: =I40+G41-H41 -> 8600000 | M41: A-006 | N41: 1000000 | P41: =P40+N41-O41 -> 87000000 | T41: =T40+R41-S41 -> 17320000
A42: 23/05/2025 | B42: 2001 | C42: siti nur afifah | D42: Penyaluran Pinjaman Masyarakat | F42: 1000000 | H42: 1000000 | I42: =I41+G42-H42 -> 7600000 | M42: A-022 | N42: 1000000 | P42: =P41+N42-O42 -> 88000000 | T42: =T41+R42-S42 -> 17320000
B43: 2001 | C43: siti djayanti | D43: Penyaluran Pinjaman Masyarakat | F43: 1000000 | H43: 1000000 | I43: =I42+G43-H43 -> 6600000 | M43: A-001 | N43: 1000000 | P43: =P42+N43-O43 -> 89000000 | T43: =T42+R43-S43 -> 17320000
A44: 23/05/2025 | B44: 2001 | C44: hari bayudi | D44: Penyaluran Pinjaman Masyarakat | F44: 1000000 | H44: 1000000 | I44: =I43+G44-H44 -> 5600000 | M44: A-024 | N44: 1000000 | P44: =P43+N44-O44 -> 90000000 | T44: =T43+R44-S44 -> 17320000
A45: 23/05/2025 | B45: 2001 | C45: lilik indayani | D45: Penyaluran Pinjaman Masyarakat | F45: 1000000 | H45: 1000000 | I45: =I44+G45-H45 -> 4600000 | M45: A-060 | N45: 1000000 | P45: =P44+N45-O45 -> 91000000 | T45: =T44+R45-S45 -> 17320000
A46: 23/05/2025 | B46: 2001 | C46: ilham handrik | D46: Penyaluran Pinjaman Masyarakat | F46: 1000000 | H46: 1000000 | I46: =I45+G46-H46 -> 3600000 | M46: A-025 | N46: 1000000 | P46: =P45+N46-O46 -> 92000000 | T46: =T45+R46-S46 -> 17320000
A47: 23/05/2025 | B47: 2001 | C47: M. arifin | D47: Penyaluran Pinjaman Masyarakat | F47: 1000000 | H47: 1000000 | I47: =I46+G47-H47 -> 2600000 | M47: A-020 | N47: 1000000 | P47: =P46+N47-O47 -> 93000000 | T47: =T46+R47-S47 -> 17320000
A48: 23/05/2025 | B48: 2001 | C48: Dwi Astutik | D48: Penyaluran Pinjaman Masyarakat | F48: 1000000 | H48: 1000000 | I48: =I47+G48-H48 -> 1600000 | M48: A-036 | N48: 1000000 | P48: =P47+N48-O48 -> 94000000 | T48: =T47+R48-S48 -> 17320000
A49: 23/05/2025 | B49: 2001 | C49: suparti | D49: Penyaluran Pinjaman Masyarakat | F49: 1000000 | H49: 1000000 | I49: =I48+G49-H49 -> 600000 | M49: A-057 | N49: 1000000 | P49: =P48+N49-O49 -> 95000000 | T49: =T48+R49-S49 -> 17320000
A50: 23/05/2025 | B50: 4101 | C50: Sutjipto | D50: Jasa Pinjaman | E50: 90000 | G50: 90000 | H50: =E50-G50 -> 0 | I50: =I49+G50-H50 -> 690000 | P50: =P49+N50-O50 -> 95000000 | T50: =T49+R50-S50 -> 17320000
A51: 23/05/2025 | B51: 4101 | C51: budiono | D51: Jasa Pinjaman | E51: 90000 | G51: 90000 | H51: =E51-G51 -> 0 | I51: =I50+G51-H51 -> 780000 | P51: =P50+N51-O51 -> 95000000 | T51: =T50+R51-S51 -> 17320000
A52: 23/05/2025 | B52: 4101 | C52: Anwar | D52: Jasa Pinjaman | E52: 90000 | G52: 90000 | H52: =E52-G52 -> 0 | I52: =I51+G52-H52 -> 870000 | P52: =P51+N52-O52 -> 95000000 | T52: =T51+R52-S52 -> 17320000
A53: 23/05/2025 | B53: 4101 | C53: Sunarsih | D53: Jasa Pinjaman | E53: 90000 | G53: 90000 | H53: =E53-G53 -> 0 | I53: =I52+G53-H53 -> 960000 | P53: =P52+N53-O53 -> 95000000 | T53: =T52+R53-S53 -> 17320000
A54: 23/05/2025 | B54: 4101 | C54: Vivi Diana | D54: Jasa Pinjaman | E54: 180000 | G54: 180000 | H54: =E54-G54 -> 0 | I54: =I53+G54-H54 -> 1140000 | P54: =P53+N54-O54 -> 95000000 | T54: =T53+R54-S54 -> 17320000
A55: 23/05/2025 | B55: 4101 | C55: bagus S | D55: Jasa Pinjaman | E55: 90000 | G55: 90000 | H55: =E55-G55 -> 0 | I55: =I54+G55-H55 -> 1230000 | P55: =P54+N55-O55 -> 95000000 | T55: =T54+R55-S55 -> 17320000
A56: 23/05/2025 | B56: 4101 | C56: warsiti | D56: Jasa Pinjaman | E56: 90000 | G56: 90000 | H56: =E56-G56 -> 0 | I56: =I55+G56-H56 -> 1320000 | P56: =P55+N56-O56 -> 95000000 | T56: =T55+R56-S56 -> 17320000
A57: 23/05/2025 | B57: 4101 | C57: kamdani | D57: Jasa Pinjaman | E57: 90000 | G57: 90000 | H57: =E57-G57 -> 0 | I57: =I56+G57-H57 -> 1410000 | P57: =P56+N57-O57 -> 95000000 | T57: =T56+R57-S57 -> 17320000
A58: 23/05/2025 | B58: 4101 | C58: endang | D58: Jasa Pinjaman | E58: 90000 | G58: 90000 | H58: =E58-G58 -> 0 | I58: =I57+G58-H58 -> 1500000 | P58: =P57+N58-O58 -> 95000000 | T58: =T57+R58-S58 -> 17320000
A59: 23/05/2025 | B59: 4101 | C59: priyo kustanto | D59: Jasa Pinjaman | E59: 90000 | G59: 90000 | H59: =E59-G59 -> 0 | I59: =I58+G59-H59 -> 1590000 | P59: =P58+N59-O59 -> 95000000 | T59: =T58+R59-S59 -> 17320000
A60: 23/05/2025 | B60: 4101 | C60: kuswinarti | D60: Jasa Pinjaman | E60: 90000 | G60: 90000 | H60: =E60-G60 -> 0 | I60: =I59+G60-H60 -> 1680000 | P60: =P59+N60-O60 -> 95000000 | T60: =T59+R60-S60 -> 17320000
A61: 23/05/2025 | B61: 4101 | C61: siti nur afifah | D61: Jasa Pinjaman | E61: 90000 | G61: 90000 | H61: =E61-G61 -> 0 | I61: =I60+G61-H61 -> 1770000 | P61: =P60+N61-O61 -> 95000000 | T61: =T60+R61-S61 -> 17320000
... A80: 23/05/2025 | B80: 4102 | C80: siti nur afifah | D80: administrasi pinjaman | E80: 20000 | G80: 20000 | H80: =E80-G80 -> 0 | I80: =I79+G80-H80 -> 2660000 | P80: =P79+N80-O80 -> 95000000 | T80: =T79+R80-S80 -> 17320000
B81: 4102 | C81: siti djayanti | D81: administrasi pinjaman | E81: 20000 | G81: 20000 | H81: =E81-G81 -> 0 | I81: =I80+G81-H81 -> 2680000 | P81: =P80+N81-O81 -> 95000000 | T81: =T80+R81-S81 -> 17320000
A82: 23/05/2025 | B82: 4102 | C82: hari bayudi | D82: administrasi pinjaman | E82: 20000 | G82: 20000 | H82: =E82-G82 -> 0 | I82: =I81+G82-H82 -> 2700000 | P82: =P81+N82-O82 -> 95000000 | T82: =T81+R82-S82 -> 17320000
A83: 23/05/2025 | B83: 4102 | C83: lilik indayani | D83: administrasi pinjaman | E83: 20000 | G83: 20000 | H83: =E83-G83 -> 0 | I83: =I82+G83-H83 -> 2720000 | P83: =P82+N83-O83 -> 95000000 | T83: =T82+R83-S83 -> 17320000
A84: 23/05/2025 | B84: 4102 | C84: ilham handrik | D84: administrasi pinjaman | E84: 20000 | G84: 20000 | H84: =E84-G84 -> 0 | I84: =I83+G84-H84 -> 2740000 | P84: =P83+N84-O84 -> 95000000 | T84: =T83+R84-S84 -> 17320000
B85: 4102 | C85: M. arifin | D85: administrasi pinjaman | E85: 20000 | G85: 20000 | H85: =E85-G85 -> 0 | I85: =I84+G85-H85 -> 2760000 | P85: =P84+N85-O85 -> 95000000 | T85: =T84+R85-S85 -> 17320000
B86: 4102 | C86: Dwi Astutik | D86: administrasi pinjaman | E86: 20000 | G86: 20000 | H86: =E86-G86 -> 0 | I86: =I85+G86-H86 -> 2780000 | P86: =P85+N86-O86 -> 95000000 | T86: =T85+R86-S86 -> 17320000
B87: 4102 | C87: suparti | D87: administrasi pinjaman | E87: 20000 | G87: 20000 | H87: =E87-G87 -> 0 | I87: =I86+G87-H87 -> 2800000 | P87: =P86+N87-O87 -> 95000000 | T87: =T86+R87-S87 -> 17320000
B88: 3001-2 | C88: Sutjipto | D88: Simpanan Wajib | E88: 30000 | G88: 30000 | H88: =E88-G88 -> 0 | I88: =I87+G88-H88 -> 2830000 | P88: =P87+N88-O88 -> 95000000 | Q88: S-031 | R88: 30000 | T88: =T87+R88-S88 -> 17350000
A89: 23/05/2025 | B89: 3001-2 | C89: budiono | D89: Simpanan Wajib | E89: 30000 | G89: 30000 | H89: =E89-G89 -> 0 | I89: =I88+G89-H89 -> 2860000 | L89: =#REF!+J89-K89 -> #REF! | P89: =P88+N89-O89 -> 95000000 | Q89: S-065 | R89: 30000 | T89: =T88+R89-S89 -> 17380000
A90: 23/05/2025 | B90: 3001-2 | C90: Anwar | D90: Simpanan Wajib | E90: 30000 | G90: 30000 | H90: =E90-G90 -> 0 | I90: =I89+G90-H90 -> 2890000 | L90: =L89+J90-K90 -> #REF! | P90: =P89+N90-O90 -> 95000000 | Q90: S-015 | R90: 30000 | T90: =T89+R90-S90 -> 17410000
A91: 23/05/2025 | B91: 3001-2 | C91: Sunarsih | D91: Simpanan Wajib | E91: 30000 | G91: 30000 | H91: =E91-G91 -> 0 | I91: =I90+G91-H91 -> 2920000 | L91: =L90+J91-K91 -> #REF! | P91: =P90+N91-O91 -> 95000000 | Q91: S-058 | R91: 30000 | T91: =T90+R91-S91 -> 17440000
A92: 23/05/2025 | B92: 3001-2 | C92: Vivi Diana | D92: Simpanan Wajib | E92: 60000 | G92: 60000 | H92: =E92-G92 -> 0 | I92: =I91+G92-H92 -> 2980000 | L92: =L91+J92-K92 -> #REF! | P92: =P91+N92-O92 -> 95000000 | Q92: S-044 | R92: 60000 | T92: =T91+R92-S92 -> 17500000
A93: 23/05/2025 | B93: 3001-2 | C93: bagus S | D93: Simpanan Wajib | E93: 30000 | G93: 30000 | H93: =E93-G93 -> 0 | I93: =I92+G93-H93 -> 3010000 | L93: =L92+J93-K93 -> #REF! | P93: =P92+N93-O93 -> 95000000 | Q93: S-027 | R93: 30000 | T93: =T92+R93-S93 -> 17530000
A94: 23/05/2025 | B94: 3001-2 | C94: warsiti | D94: Simpanan Wajib | E94: 30000 | G94: 30000 | H94: =E94-G94 -> 0 | I94: =I93+G94-H94 -> 3040000 | L94: =L93+J94-K94 -> #REF! | P94: =P93+N94-O94 -> 95000000 | Q94: S-056 | R94: 30000 | T94: =T93+R94-S94 -> 17560000
A95: 23/05/2025 | B95: 3001-2 | C95: kamdani | D95: Simpanan Wajib | E95: 30000 | G95: 30000 | H95: =E95-G95 -> 0 | I95: =I94+G95-H95 -> 3070000 | L95: =L94+J95-K95 -> #REF! | P95: =P94+N95-O95 -> 95000000 | Q95: S-040 | R95: 30000 | T95: =T94+R95-S95 -> 17590000
A96: 23/05/2025 | B96: 3001-2 | C96: endang | D96: Simpanan Wajib | E96: 30000 | G96: 30000 | H96: =E96-G96 -> 0 | I96: =I95+G96-H96 -> 3100000 | L96: =L95+J96-K96 -> #REF! | P96: =P95+N96-O96 -> 95000000 | Q96: S-062 | R96: 30000 | T96: =T95+R96-S96 -> 17620000
A97: 23/05/2025 | B97: 3001-2 | C97: priyo kustanto | D97: Simpanan Wajib | E97: 30000 | G97: 30000 | H97: =E97-G97 -> 0 | I97: =I96+G97-H97 -> 3130000 | L97: =L96+J97-K97 -> #REF! | P97: =P96+N97-O97 -> 95000000 | Q97: S-043 | R97: 30000 | T97: =T96+R97-S97 -> 17650000
A98: 23/05/2025 | B98: 3001-2 | C98: kuswinarti | D98: Simpanan Wajib | E98: 30000 | G98: 30000 | H98: =E98-G98 -> 0 | I98: =I97+G98-H98 -> 3160000 | L98: =L97+J98-K98 -> #REF! | P98: =P97+N98-O98 -> 95000000 | Q98: S-006 | R98: 30000 | T98: =T97+R98-S98 -> 17680000
A99: 23/05/2025 | B99: 3001-2 | C99: siti nur afifah | D99: Simpanan Wajib | E99: 30000 | G99: 30000 | H99: =E99-G99 -> 0 | I99: =I98+G99-H99 -> 3190000 | L99: =L98+J99-K99 -> #REF! | P99: =P98+N99-O99 -> 95000000 | Q99: S-022 | R99: 30000 | T99: =T98+R99-S99 -> 17710000
A100: 23/05/2025 | B100: 3001-2 | C100: siti djayanti | D100: Simpanan Wajib | E100: 30000 | G100: 30000 | H100: =E100-G100 -> 0 | I100: =I99+G100-H100 -> 3220000 | L100: =L99+J100-K100 -> #REF! | P100: =P99+N100-O100 -> 95000000 | Q100: S-001 | R100: 30000 | T100: =T99+R100-S100 -> 17740000
A101: 23/05/2025 | B101: 3001-2 | C101: hari bayudi | D101: Simpanan Wajib | E101: 30000 | G101: 30000 | H101: =E101-G101 -> 0 | I101: =I100+G101-H101 -> 3250000 | P101: =P100+N101-O101 -> 95000000 | Q101: S-024 | R101: 30000 | T101: =T100+R101-S101 -> 17770000
A102: 23/05/2025 | B102: 3001-2 | C102: lilik indayani | D102: Simpanan Wajib | E102: 30000 | G102: 30000 | H102: =E102-G102 -> 0 | I102: =I101+G102-H102 -> 3280000 | L102: =L100+J102-K102 -> #REF! | P102: =P101+N102-O102 -> 95000000 | Q102: S-060 | R102: 30000 | T102: =T101+R102-S102 -> 17800000
A103: 23/05/2025 | B103: 3001-2 | C103: ilham handrik | D103: Simpanan Wajib | E103: 30000 | G103: 30000 | H103: =E103-G103 -> 0 | I103: =I102+G103-H103 -> 3310000 | L103: =L102+J103-K103 -> #REF! | P103: =P102+N103-O103 -> 95000000 | Q103: S-025 | R103: 30000 | T103: =T102+R103-S103 -> 17830000
A104: 23/05/2025 | B104: 3001-2 | C104: M. arifin | D104: Simpanan Wajib | E104: 30000 | G104: 30000 | H104: =E104-G104 -> 0 | I104: =I103+G104-H104 -> 3340000 | L104: =L103+J104-K104 -> #REF! | P104: =P103+N104-O104 -> 95000000 | Q104: S-020 | R104: 30000 | T104: =T103+R104-S104 -> 17860000
A105: 23/05/2025 | B105: 3001-2 | C105: Dwi Astutik | D105: Simpanan Wajib | E105: 30000 | G105: 30000 | H105: =E105-G105 -> 0 | I105: =I104+G105-H105 -> 3370000 | P105: =P104+N105-O105 -> 95000000 | Q105: S-036 | R105: 30000 | T105: =T104+R105-S105 -> 17890000
B106: 3001-2 | C106: suparti | D106: Simpanan Wajib | E106: 30000 | G106: 30000 | H106: =E106-G106 -> 0 | I106: =I105+G106-H106 -> 3400000 | P106: =P105+N106-O106 -> 95000000 | R106: 30000 | T106: =T105+R106-S106 -> 17920000
B107: 2002 | C107: Gapoktan | D107: Angsuran Pinjaman Gapoktan | E107: 5000000 | G107: 5000000 | H107: =E107-G107 -> 0 | I107: =I106+G107-H107 -> 8400000 | L107: =#REF!+J107-K107 -> #REF! | M107: A-000 | O107: 5000000 | P107: =P106+N107-O107 -> 90000000 | Q107: S-057 | T107: =T106+R107-S107 -> 17920000
D108: Bulan ini | E108: =SUM(E10:E107) -> 28400000 | F108: =SUM(F10:F107) -> 20000000 | G108: =SUM(G10:G107) -> 28400000 | H108: =SUM(H10:H107) -> 20000000 | J108: =SUM(J10:J107) -> 0 | K108: =SUM(K10:K107) -> 0 | N108: =SUM(N10:N107) -> 20000000 | O108: =SUM(O10:O107) -> 25000000 | R108: =SUM(R10:R107) -> 600000 | S108: =SUM(S10:S107) -> 0
D109: Sampai bulan ini | E109: =E9+E108 -> 28400000 | F109: =F9+F108 -> 20000000 | G109: =G9+G108 -> 28400000 | H109: =H9+H108 -> 20000000 | J109: =J9+J108 -> 0 | K109: =K9+K108 -> 0 | N109: =N9+N108 -> 115000000 | O109: =O9+O108 -> 25000000 | R109: =R9+R108 -> 17920000 | S109: =S9+S108 -> 0
D110: SALDO | E110: =E109-F109 -> 8400000 | G110: =G109-H109 -> 8400000 | J110: =J109-K109 -> 0 | N110: =N109-O109 -> 90000000 | R110: =R109-S109 -> 17920000
A112: TANGGAL | B112: CODE | D112: URAIAN | E112: MASUK | F112: KELUAR | G112: KAS | J112: BANK | N112: PIUTANG | Q112: CODE | R112: TABUNGAN
G113: MASUK | H113: KELUAR | I113: SISA | J113: MASUK | K113: KELUAR | L113: SISA | N113: MASUK | O113: KELUAR | P113: SISA | R113: MASUK | S113: KELUAR | T113: SISA
A114: 45668 | C114: =LEFT(D114,5) -> SALDO | D114: SALDO AWAL | E114: =E110 -> 8400000 | G114: =G110 -> 8400000 | I114: =G114-H114 -> 8400000 | J114: =J110 -> 0 | L114: =J114-K114 -> 0 | N114: =N110 -> 90000000 | P114: =N114-O114 -> 90000000 | R114: =R110 -> 17920000 | T114: =R114-S114 -> 17920000
A115: 20-11-2025 | B115: 2001 | C115: kamdani | D115: Pengembalian Pinjaman | E115: 1000000 | G115: 1000000 | I115: =I114+G115-H115 -> 9400000 | M115: A-040 | O115: 1000000 | P115: =P114+N115-O115 -> 89000000 | T115: =T114+R115-S115 -> 17920000
A116: 20-11-2025 | B116: 2001 | C116: endang | D116: Pengembalian Pinjaman | E116: 1000000 | G116: 1000000 | I116: =I115+G116-H116 -> 10400000 | M116: A-062 | O116: 1000000 | P116: =P115+N116-O116 -> 88000000 | T116: =T115+R116-S116 -> 17920000
A117: 20-11-2025 | B117: 2001 | C117: BUDIONO | D117: Pengembalian Pinjaman | E117: 1000000 | G117: 1000000 | I117: =I116+G117-H117 -> 11400000 | L117: =L114+J117-K117 -> 0 | M117: A-065 | O117: 1000000 | P117: =P116+N117-O117 -> 87000000 | T117: =T116+R117-S117 -> 17920000
A118: 20-11-2025 | B118: 2001 | C118: PARIYONO | D118: Pengembalian Pinjaman | E118: 1000000 | G118: 1000000 | I118: =I117+G118-H118 -> 12400000 | L118: =L117+J118-K118 -> 0 | M118: A-042 | O118: 1000000 | P118: =P117+N118-O118 -> 86000000 | T118: =T117+R118-S118 -> 17920000
A119: 20-11-2025 | B119: 2001 | C119: VIVI DIANA | D119: Pengembalian Pinjaman | E119: 2000000 | G119: 2000000 | I119: =I118+G119-H119 -> 14400000 | L119: =#REF!+J119-K119 -> #REF! | M119: A-044 | O119: 2000000 | P119: =P118+N119-O119 -> 84000000 | T119: =T118+R119-S119 -> 17920000
...

Sheet cth gEDUNG
A1: CATATAN HARIAN
A2: BUMDES "BAROKAH" Balongbesuk Diwek Jombang
A3: ='sum sp'!B3 -> TAHUN ANGGARAN 2025
A4: UNIT PENGELOLAAN GEDUNG SERBA GUNA | G4: 5457800
A6: TANGGAL | B6: CODE | C6: Penerima | D6: URAIAN | E6: UMUM | G6: KAS | J6: BANK
E7: MASUK | F7: KELUAR | G7: MASUK | H7: KELUAR | I7: SISA | J7: MASUK | K7: KELUAR | L7: SISA
A8: 45658 | D8: Saldo awal tahun 2025 | E8: 5457800 | G8: 5457800 | I8: =G8-H8 -> 5457800 | J8: 0 | L8: =J8-K8 -> 0
A9: 30/01/2025 | B9: 2001 | D9: PB. GSG | E9: 390000 | G9: 390000 | I9: =I8+G9-H9 -> 5847800
A10: 30/01/2025 | B10: 2001 | D10: PB. KKMI | E10: 120000 | G10: 120000 | I10: =I9+G10-H10 -> 5967800 | L10: =L8+J10-K10 -> 0
A11: 30/01/2025 | B11: 2001 | D11: PB. RSNU | E11: 120000 | G11: 120000 | I11: =I10+G11-H11 -> 6087800 | L11: =L10+J11-K11 -> 0
A12: 30/01/2025 | B12: 2001 | D12: PB. PRATAMA | E12: 220000 | G12: 220000 | I12: =I11+G12-H12 -> 6307800 | L12: =L11+J12-K12 -> 0
A13: 30/01/2025 | B13: 2001 | D13: PB.BALBES | E13: 120000 | G13: 120000 | I13: =I12+G13-H13 -> 6427800
A14: 30/01/2025 | B14: 2001 | D14: PB. BABAL | E14: 120000 | G14: 120000 | I14: =I13+G14-H14 -> 6547800
A15: 30/01/2025 | B15: 2001 | D15: PB. SUKRO | E15: 120000 | G15: 120000 | I15: =I14+G15-H15 -> 6667800
A16: 30/01/2025 | B16: 2001 | D16: PB. MAJU BERSAMA | E16: 120000 | G16: 120000 | I16: =I15+G16-H16 -> 6787800
A17: 30/01/2025 | B17: 2001 | D17: PB. RS BEDAH | E17: 120000 | G17: 120000 | I17: =I16+G17-H17 -> 6907800
A18: 30/01/2025 | B18: 2001 | D18: PB. SUMBER BIRU | E18: 220000 | G18: 220000 | I18: =I17+G18-H18 -> 7127800
A19: 30/01/2025 | B19: 2002 | D19: WISUDA PKK | E19: 350000 | G19: 350000 | I19: =I18+G19-H19 -> 7477800
A20: 30/01/2025 | B20: 2001 | D20: PB. KUNANG | E20: 100000 | G20: 100000 | I20: =I19+G20-H20 -> 7577800
A21: 30/01/2025 | B21: 2001 | D21: PB. AWH | E21: 120000 | G21: 120000 | I21: =I20+G21-H21 -> 7697800
A22: 30/01/2025 | B22: 5104 | D22: PULSA LISTRIK | F22: 210000 | H22: 210000 | I22: =I21+G22-H22 -> 7487800
A23: 30/01/2025 | B23: 5109 | D23: PERBAIKAN TALANG | F23: 100000 | H23: 100000 | I23: =I22+G23-H23 -> 7387800
A24: 30/01/2025 | B24: 5105 | D24: BELI LAMPU | F24: 247000 | H24: 247000 | I24: =I23+G24-H24 -> 7140800
A25: 30/01/2025 | B25: 5106 | D25: KAOS GSG | F25: 300000 | H25: 300000 | I25: =I24+G25-H25 -> 6840800
A26: 30/01/2025 | B26: 5109 | D26: BELI KRAN | F26: 15000 | H26: 15000 | I26: =I25+G26-H26 -> 6825800 | N26: KAIN PEL | O26: 45000
D27: Bulan ini | E27: =SUM(E9:E26) -> 2240000 | F27: =SUM(F9:F26) -> 872000 | G27: =SUM(G9:G26) -> 2240000 | H27: =SUM(H9:H26) -> 872000 | J27: =SUM(J10:J26) -> 0 | K27: =SUM(K10:K26) -> 0
D28: Sampai bulan ini | E28: =E8+E27 -> 7697800 | F28: =F8+F27 -> 872000 | G28: =G8+G27 -> 7697800 | H28: =H8+H27 -> 872000 | J28: =J8+J27 -> 0 | K28: =K8+K27 -> 0
D29: SALDO | E29: =E28-F28 -> 6825800 | G29: =G28-H28 -> 6825800 | J29: =J28-K28 -> 0
A31: TANGGAL | B31: CODE | C31: Penerima | D31: URAIAN | E31: UMUM | G31: KAS | J31: BANK
E32: MASUK | F32: KELUAR | G32: MASUK | H32: KELUAR | I32: SISA | J32: MASUK | K32: KELUAR | L32: SISA
A33: 1/02/2025 | D33: Saldo Bulan Januari | E33: =E29 -> 6825800 | G33: =G29 -> 6825800 | I33: =G33-H33 -> 6825800 | J33: =J29 -> 0 | L33: =J33-K33 -> 0
A34: 28-02-2025 | B34: 2001 | D34: PB. RS BEDAH | E34: 120000 | G34: 120000 | I34: =I33+G34-H34 -> 6945800 | L34: =L33+J34-K34 -> 0
A35: 28-02-2025 | B35: 2001 | D35: PB. KKMI | E35: 120000 | G35: 120000 | I35: =I34+G35-H35 -> 7065800 | L35: =L34+J35-K35 -> 0
A36: 28-02-2025 | B36: 2002 | D36: SISA PEMBAYARAN HAJATAN | E36: 1600000 | G36: 1600000 | I36: =I35+G36-H36 -> 8665800 | L36: =L35+J36-K36 -> 0
A37: 28-02-2025 | B37: 2002 | D37: PENDAPATAN TURNAMEN | E37: 100000 | G37: 100000 | I37: =I36+G37-H37 -> 8765800 | L37: =L36+J37-K37 -> 0
A38: 28-02-2025 | B38: 2001 | D38: PB. RSNU | E38: 120000 | G38: 120000 | I38: =I37+G38-H38 -> 8885800 | L38: =L37+J38-K38 -> 0
A39: 28-02-2025 | B39: 2001 | D39: PB. KUNANG | E39: 100000 | G39: 100000 | I39: =I38+G39-H39 -> 8985800 | L39: =L38+J39-K39 -> 0
A40: 28-02-2025 | B40: 2001 | D40: PB. SUMBER BIRU | E40: 120000 | G40: 120000 | I40: =I39+G40-H40 -> 9105800 | L40: =L39+J40-K40 -> 0
A41: 28-02-2025 | B41: 2001 | D41: PB. BABAL | E41: 120000 | G41: 120000 | I41: =I40+G41-H41 -> 9225800 | L41: =L40+J41-K41 -> 0
A42: 28-02-2025 | B42: 2001 | D42: PB. MAJU BERSAMA | E42: 120000 | G42: 120000 | I42: =I41+G42-H42 -> 9345800 | L42: =L41+J42-K42 -> 0
A43: 28-02-2025 | B43: 2001 | D43: PB. GSG | E43: 180000 | G43: 180000 | I43: =I42+G43-H43 -> 9525800 | L43: =L42+J43-K43 -> 0
A44: 28-02-2025 | B44: 2001 | D44: PB. BALBES | E44: 120000 | G44: 120000 | I44: =I43+G44-H44 -> 9645800 | L44: =L43+J44-K44 -> 0
A45: 28-02-2025 | B45: 2001 | D45: PB. AWH | E45: 120000 | G45: 120000 | I45: =I44+G45-H45 -> 9765800 | L45: =L44+J45-K45 -> 0
... A47: 28-02-2025 | B47: 2002 | D47: PORSENI MI | E47: 200000 | G47: 200000 | I47: =I46+G47-H47 -> 10085800 | L47: =L46+J47-K47 -> 0
A48: 28-02-2025 | B48: 5104 | D48: PULSA LISTRIK | F48: 105000 | H48: 105000 | I48: =I47+G48-H48 -> 9980800 | L48: =L47+J48-K48 -> 0
A49: 28-02-2025 | B49: 3001 | D49: BON PAK BUDI | F49: 1000000 | H49: 1000000 | I49: =I48+G49-H49 -> 8980800 | L49: =L48+J49-K49 -> 0
D50: Bulan ini | E50: =SUM(E34:E49) -> 3260000 | F50: =SUM(F34:F49) -> 1105000 | G50: =SUM(G34:G49) -> 3260000 | H50: =SUM(H34:H49) -> 1105000 | J50: =SUM(J34:J49) -> 0 | K50: =SUM(K34:K49) -> 0
D51: Sampai bulan ini | E51: =E33+E50 -> 10085800 | F51: =F33+F50 -> 1105000 | G51: =G33+G50 -> 10085800 | H51: =H33+H50 -> 1105000 | J51: =J33+J50 -> 0 | K51: =K33+K50 -> 0
D52: SALDO | E52: =E51-F51 -> 8980800 | G52: =G51-H51 -> 8980800 | J52: =J51-K51 -> 0
A54: TANGGAL | B54: CODE | C54: Penerima | D54: URAIAN | E54: UMUM | G54: KAS | J54: BANK
E55: MASUK | F55: KELUAR | G55: MASUK | H55: KELUAR | I55: SISA | J55: MASUK | K55: KELUAR | L55: SISA
A56: 45660 | D56: Saldo Bulan Pebruari | E56: =E52 -> 8980800 | G56: =G52 -> 8980800 | I56: =G56-H56 -> 8980800 | J56: =J52 -> 0 | L56: =J56-K56 -> 0
A57: 29/3/2025 | B57: 2002 | D57: RAPAT PLYWOOD | E57: 800000 | G57: 800000 | I57: =I56+G57-H57 -> 9780800 | L57: =L56+J57-K57 -> 0
A58: 29/3/2025 | B58: 2001 | D58: KOPERASI MEKAR | E58: 400000 | G58: 400000 | I58: =I57+G58-H58 -> 10180800 | L58: =L57+J58-K58 -> 0
A59: 29/3/2025 | B59: 2001 | D59: PB. PLYWOOD | E59: 120000 | G59: 120000 | I59: =I58+G59-H59 -> 10300800 | L59: =L58+J59-K59 -> 0
A60: 29/3/2025 | B60: 2001 | D60: PB. BABAL | E60: 120000 | G60: 120000 | I60: =I59+G60-H60 -> 10420800 | L60: =L59+J60-K60 -> 0
A61: 29/3/2025 | B61: 2001 | D61: PB. SUKRO | E61: 120000 | G61: 120000 | I61: =I60+G61-H61 -> 10540800 | L61: =L60+J61-K61 -> 0
A62: 29/3/2025 | B62: 2002 | D62: PB. BALBES | E62: 120000 | G62: 120000 | I62: =I61+G62-H62 -> 10660800 | L62: =L61+J62-K62 -> 0
A63: 29/3/2025 | B63: 2001 | D63: PB. AWH | E63: 120000 | G63: 120000 | I63: =I62+G63-H63 -> 10780800 | L63: =L62+J63-K63 -> 0
A64: 29/3/2025 | B64: 2001 | D64: PB. KKMI | E64: 120000 | G64: 120000 | I64: =I63+G64-H64 -> 10900800 | L64: =L63+J64-K64 -> 0
A65: 29/3/2025 | B65: 2001 | D65: PB. MAJU BERSAMA | E65: 90000 | G65: 90000 | I65: =I64+G65-H65 -> 10990800 | L65: =L64+J65-K65 -> 0
A66: 29/3/2025 | B66: 5109 | D66: KUAS CAT | F66: 8000 | H66: 8000 | I66: =I65+G66-H66 -> 10982800 | L66: =L65+J66-K66 -> 0
A67: 29/3/2025 | B67: 5103 | D67: PERLENGKAPAN KEBERSIHAN | F67: 22000 | H67: 22000 | I67: =I66+G67-H67 -> 10960800 | L67: =L66+J67-K67 -> 0
D68: Bulan ini | E68: =SUM(E57:E67) -> 2010000 | F68: =SUM(F57:F67) -> 30000 | G68: =SUM(G57:G67) -> 2010000 | H68: =SUM(H57:H67) -> 30000 | J68: =SUM(J57:J67) -> 0 | K68: =SUM(K57:K67) -> 0
D69: Sampai bulan ini | E69: =E56+E68 -> 10990800 | F69: =F56+F68 -> 30000 | G69: =G56+G68 -> 10990800 | H69: =H56+H68 -> 30000 | J69: =J56+J68 -> 0 | K69: =K56+K68 -> 0
D70: SALDO | E70: =E69-F69 -> 10960800 | G70: =G69-H69 -> 10960800 | J70: =J69-K69 -> 0
A72: TANGGAL | B72: CODE | C72: Penerima | D72: URAIAN | E72: UMUM | G72: KAS | J72: BANK
E73: MASUK | F73: KELUAR | G73: MASUK | H73: KELUAR | I73: SISA | J73: MASUK | K73: KELUAR | L73: SISA
A74: 45661 | D74: Saldo bulan Maret | E74: =E70 -> 10960800 | G74: =G70 -> 10960800 | I74: =G74-H74 -> 10960800 | J74: 0 | L74: =J74-K74 -> 0
A75: 29/4/2025 | B75: 2001 | D75: PB. AWH | E75: 90000 | G75: 90000 | I75: =I74+G75-H75 -> 11050800 | L75: =L74+J75-K75 -> 0
A76: 29/4/2025 | B76: 2001 | D76: PB. SUMBER BIRU | E76: 90000 | G76: 90000 | I76: =I75+G76-H76 -> 11140800 | L76: =L75+J76-K76 -> 0
A77: 29/4/2025 | B77: 2001 | D77: PB. RS BEDAH | E77: 90000 | G77: 90000 | I77: =I76+G77-H77 -> 11230800 | L77: =L76+J77-K77 -> 0
A78: 29/4/2025 | B78: 2001 | D78: PB. BABAL | E78: 90000 | G78: 90000 | I78: =I77+G78-H78 -> 11320800 | L78: =L77+J78-K78 -> 0
A79: 29/4/2025 | B79: 2001 | D79: PB. BALBES | E79: 90000 | G79: 90000 | I79: =I78+G79-H79 -> 11410800 | L79: =L78+J79-K79 -> 0
A80: 29/4/2025 | B80: 2001 | D80: PB. KUNANG | E80: 90000 | G80: 90000 | I80: =I79+G80-H80 -> 11500800 | L80: =L79+J80-K80 -> 0
A81: 29/4/2025 | B81: 2001 | D81: PB. RSNU | E81: 90000 | G81: 90000 | I81: =I80+G81-H81 -> 11590800 | L81: =L80+J81-K81 -> 0
A82: 29/4/2025 | B82: 2001 | D82: PB. KKMI | E82: 90000 | G82: 90000 | I82: =I81+G82-H82 -> 11680800 | L82: =L81+J82-K82 -> 0
A83: 29/4/2025 | B83: 2001 | D83: PB. MAJU BERSAMA | E83: 90000 | G83: 90000 | I83: =I82+G83-H83 -> 11770800 | L83: =L82+J83-K83 -> 0
A84: 29/4/2025 | B84: 2001 | D84: PB. GSG | E84: 240000 | G84: 240000 | I84: =I83+G84-H84 -> 12010800 | L84: =L83+J84-K84 -> 0
A85: 29/4/2025 | B85: 2002 | D85: O2SN SD | E85: 200000 | G85: 200000 | I85: =I84+G85-H85 -> 12210800 | L85: =L84+J85-K85 -> 0
A86: 29/4/2025 | B86: 2001 | D86: PB. PACULGOWANG | E86: 150000 | G86: 150000 | I86: =I85+G86-H86 -> 12360800
A87: 29/4/2025 | B87: 5104 | D87: TOKEN LISTRIK | F87: 105000 | H87: 105000 | I87: =I86+G87-H87 -> 12255800
A88: 29/4/2025 | I88: =I87+G88-H88 -> 12255800
D89: Bulan ini | E89: =SUM(E75:E88) -> 1400000 | F89: =SUM(F75:F88) -> 105000 | G89: =SUM(G75:G88) -> 1400000 | H89: =SUM(H75:H88) -> 105000 | J89: =SUM(J75:J88) -> 0 | K89: =SUM(K75:K88) -> 0
D90: Sampai bulan ini | E90: =E74+E89 -> 12360800 | F90: =F74+F89 -> 105000 | G90: =G74+G89 -> 12360800 | H90: =H74+H89 -> 105000 | J90: =J74+J89 -> 0 | K90: =K74+K89 -> 0
D91: SALDO | E91: =E90-F90 -> 12255800 | G91: =G90-H90 -> 12255800 | J91: =J90-K90 -> 0
A93: TANGGAL | B93: CODE | C93: Penerima | D93: URAIAN | E93: UMUM | G93: KAS | J93: BANK
E94: MASUK | F94: KELUAR | G94: MASUK | H94: KELUAR | I94: SISA | J94: MASUK | K94: KELUAR | L94: SISA
A95: 45662 | D95: Saldo bulan April | E95: =E91 -> 12255800 | G95: =G91 -> 12255800 | I95: =G95-H95 -> 12255800 | J95: 0 | L95: =J95-K95 -> 0
A96: 29/5/2025 | B96: 2001 | D96: PB. AWH | E96: 100000 | G96: 100000 | I96: =I95+G96-H96 -> 12355800 | L96: =L95+J96-K96 -> 0
A97: 29/5/2025 | B97: 2002 | D97: PB. SMP DIWEK 2 | E97: 120000 | G97: 120000 | I97: =I96+G97-H97 -> 12475800 | L97: =L96+J97-K97 -> 0
A98: 29/5/2025 | B98: 2001 | D98: PB. RSNU | E98: 120000 | G98: 120000 | I98: =I97+G98-H98 -> 12595800 | L98: =L97+J98-K98 -> 0
A99: 29/5/2025 | B99: 2001 | D99: PB. SUMBER BIRU | E99: 120000 | G99: 120000 | I99: =I98+G99-H99 -> 12715800
A100: 29/5/2025 | B100: 2001 | D100: PB. BALBES | E100: 120000 | G100: 120000 | I100: =I99+G100-H100 -> 12835800
A101: 29/5/2025 | B101: 2001 | D101: PB. BABAL | E101: 120000 | G101: 120000 | I101: =I100+G101-H101 -> 12955800
A102: 29/5/2025 | B102: 2001 | D102: PB. KKMI | E102: 120000 | G102: 120000 | I102: =I101+G102-H102 -> 13075800
A103: 29/5/2025 | B103: 2001 | D103: PB. MAJU BERSAMA | E103: 120000 | G103: 120000 | I103: =I102+G103-H103 -> 13195800
A104: 29/5/2025 | B104: 2002 | D104: SEMINAR PAK DODIK | E104: 500000 | G104: 500000 | I104: =I103+G104-H104 -> 13695800
A105: 29/5/2025 | B105: 2001 | D105: PB. GSG | E105: 210000 | G105: 210000 | I105: =I104+G105-H105 -> 13905800
A106: 29/5/2025 | B106: 2001 | D106: PB. PRATAMA | E106: 120000 | G106: 120000 | I106: =I105+G106-H106 -> 14025800 | L106: =L98+J106-K106 -> 0
...

Sheet CTH BUMDES
A1: CATATAN HARIAN
A2: BUMDES "BAROKAH" Balongbesuk Diwek Jombang | H2: 52884579 | I2: 34391640 | J2: 34391640
A3: =gedung!A3 -> TAHUN ANGGARAN 2025 | H3: 52884579 | I3: 18582941 | J3: 18582941
H4: =H3-K7 -> 34301638 | I4: =SUM(I2:I3) -> 52974581
A5: TANGGAL | B5: CODE | C5: Penerima | E5: URAIAN | F5: UMUM | H5: KAS | K5: BANK | O5: HUTANG SHU
F6: MASUK | G6: KELUAR | H6: MASUK | I6: KELUAR | J6: SISA | K6: MASUK | L6: KELUAR | M6: SISA | O6: MASUK | P6: KELUAR | Q6: SISA
A7: 45658 | E7: Saldo awal tahun 2025 | F7: 52884579 | H7: 34301638 | J7: =H7-I7 -> 34301638 | K7: 18582941 | M7: =K7-L7 -> 18582941 | O7: 0 | Q7: =O7-P7 -> 0
J8: =J7+H8-I8 -> 34301638 | M8: =M7+K8-L8 -> 18582941 | Q8: =#REF!+O8-P8 -> #REF!
E9: Bulan ini | F9: =SUM(F8:F8) -> 0 | G9: =SUM(G8:G8) -> 0 | H9: =SUM(H8:H8) -> 0 | I9: =SUM(I8:I8) -> 0 | K9: =SUM(K8:K8) -> 0 | L9: =SUM(L8:L8) -> 0 | O9: =SUM(O8:O8) -> 0 | P9: =SUM(P8:P8) -> 0
E10: Sampai bulan ini | F10: =F7+F9 -> 52884579 | G10: =G7+G9 -> 0 | H10: =H7+H9 -> 34301638 | I10: =I7+I9 -> 0 | K10: =K7+K9 -> 18582941 | L10: =L7+L9 -> 0 | O10: =O7+O9 -> 0 | P10: =P7+P9 -> 0
E11: SALDO | F11: =F10-G10 -> 52884579 | H11: =H10-I10 -> 34301638 | K11: =K10-L10 -> 18582941 | O11: =O10-P10 -> 0
H12: =(H11+K11)-F11 -> 0
A13: TANGGAL | B13: CODE | E13: URAIAN | F13: MASUK | G13: KELUAR | H13: KAS | K13: BANK | O13: HUTANG SHU
H14: MASUK | I14: KELUAR | J14: SISA | K14: MASUK | L14: KELUAR | M14: SISA | O14: MASUK | P14: KELUAR | Q14: SISA
A15: 45659 | C15: =LEFT(E15,5) -> SALDO | E15: SALDO AWAL | F15: =F11 -> 52884579 | H15: =H11 -> 34301638 | J15: =H15-I15 -> 34301638 | K15: =K11 -> 18582941 | M15: =K15-L15 -> 18582941 | O15: =O11 -> 0 | Q15: =O15-P15 -> 0
A16: 28-02-2025 | J16: =J15+H16-I16 -> 34301638 | M16: =M15+K16-L16 -> 18582941 | Q16: =#REF!+O16-P16 -> #REF!
E17: Bulan ini | F17: =SUM(F16:F16) -> 0 | G17: =SUM(G16:G16) -> 0 | H17: =SUM(H16:H16) -> 0 | I17: =SUM(I16:I16) -> 0 | K17: =SUM(K16:K16) -> 0 | L17: =SUM(L16:L16) -> 0 | O17: =SUM(O16:O16) -> 0 | P17: =SUM(P16:P16) -> 0
E18: Sampai bulan ini | F18: =F17+F15 -> 52884579 | G18: =G17+G15 -> 0 | H18: =H17+H15 -> 34301638 | I18: =I17+I15 -> 0 | K18: =K17+K15 -> 18582941 | L18: =L17+L15 -> 0 | O18: =O17+O15 -> 0 | P18: =P17+P15 -> 0
E19: SALDO | F19: =F18-G18 -> 52884579 | H19: =H18-I18 -> 34301638 | K19: =K18-L18 -> 18582941 | O19: =O18-P18 -> 0
H20: =(H19+K19)-F19 -> 0
A21: TANGGAL | B21: CODE | E21: URAIAN | F21: MASUK | G21: KELUAR | H21: KAS | K21: BANK | O21: HUTANG SHU
H22: MASUK | I22: KELUAR | J22: SISA | K22: MASUK | L22: KELUAR | M22: SISA | O22: MASUK | P22: KELUAR | Q22: SISA
A23: 45660 | C23: =LEFT(E23,5) -> SALDO | E23: SALDO AWAL | F23: =F19 -> 52884579 | H23: =H19 -> 34301638 | J23: =H23-I23 -> 34301638 | K23: =K19 -> 18582941 | M23: =K23-L23 -> 18582941 | O23: =O19 -> 0 | Q23: =O23-P23 -> 0
A24: 30-03-2025 | J24: =J23+H24-I24 -> 34301638 | M24: =M23+K24-L24 -> 18582941 | Q24: =#REF!+O24-P24 -> #REF!
E25: Bulan ini | F25: =SUM(F24:F24) -> 0 | G25: =SUM(G24:G24) -> 0 | H25: =SUM(H24:H24) -> 0 | I25: =SUM(I24:I24) -> 0 | K25: =SUM(K24:K24) -> 0 | L25: =SUM(L24:L24) -> 0 | O25: =SUM(O24:O24) -> 0 | P25: =SUM(P24:P24) -> 0
E26: Sampai bulan ini | F26: =F25+F23 -> 52884579 | G26: =G25+G23 -> 0 | H26: =H25+H23 -> 34301638 | I26: =I25+I23 -> 0 | K26: =K25+K23 -> 18582941 | L26: =L25+L23 -> 0 | O26: =O25+O23 -> 0 | P26: =P25+P23 -> 0
E27: SALDO | F27: =F26-G26 -> 52884579 | H27: =H26-I26 -> 34301638 | K27: =K26-L26 -> 18582941 | O27: =O26-P26 -> 0
A29: TANGGAL | B29: CODE | E29: URAIAN | F29: MASUK | G29: KELUAR | H29: KAS | K29: BANK | O29: HUTANG SHU
H30: MASUK | I30: KELUAR | J30: SISA | K30: MASUK | L30: KELUAR | M30: SISA | O30: MASUK | P30: KELUAR | Q30: SISA
A31: 45661 | C31: =LEFT(E31,5) -> SALDO | E31: SALDO AWAL | F31: =F27 -> 52884579 | H31: =H27 -> 34301638 | J31: =H31-I31 -> 34301638 | K31: =K27 -> 18582941 | M31: =K31-L31 -> 18582941 | O31: =O27 -> 0 | Q31: =O31-P31 -> 0
A32: 30-04-2025 | J32: =J31+H32-I32 -> 34301638 | M32: =M31+K32-L32 -> 18582941 | Q32: =#REF!+O32-P32 -> #REF!
E33: Bulan ini | F33: =SUM(F32:F32) -> 0 | G33: =SUM(G32:G32) -> 0 | H33: =SUM(H32:H32) -> 0 | I33: =SUM(I32:I32) -> 0 | K33: =SUM(K32:K32) -> 0 | L33: =SUM(L32:L32) -> 0 | O33: =SUM(O32:O32) -> 0 | P33: =SUM(P32:P32) -> 0
E34: Sampai bulan ini | F34: =F33+F31 -> 52884579 | G34: =G33+G31 -> 0 | H34: =H33+H31 -> 34301638 | I34: =I33+I31 -> 0 | K34: =K33+K31 -> 18582941 | L34: =L33+L31 -> 0 | O34: =O33+O31 -> 0 | P34: =P33+P31 -> 0
E35: SALDO | F35: =F34-G34 -> 52884579 | H35: =H34-I34 -> 34301638 | K35: =K34-L34 -> 18582941 | O35: =O34-P34 -> 0
A38: TANGGAL | B38: CODE | E38: URAIAN | F38: MASUK | G38: KELUAR | H38: KAS | K38: BANK | O38: HUTANG SHU
H39: MASUK | I39: KELUAR | J39: SISA | K39: MASUK | L39: KELUAR | M39: SISA | O39: MASUK | P39: KELUAR | Q39: SISA
A40: 45662 | C40: =LEFT(E40,5) -> SALDO | E40: SALDO AWAL | F40: =F35 -> 52884579 | H40: =H35 -> 34301638 | J40: =H40-I40 -> 34301638 | K40: =K35 -> 18582941 | M40: =K40-L40 -> 18582941 | O40: =O35 -> 0 | Q40: =O40-P40 -> 0
A41: 45874 | B41: 5106 | E41: Transportasi study tiru ke tambakberas | G41: 600000 | I41: 600000 | J41: =J40+H41-I41 -> 33701638 | M41: =M40+K41-L41 -> 18582941 | Q41: =#REF!+O41-P41 -> #REF!
A42: 30-05-2025 | J42: =J41+H42-I42 -> 33701638 | M42: =M41+K42-L42 -> 18582941 | Q42: =Q41+O42-P42 -> #REF!
E43: Bulan ini | F43: =SUM(F41:F42) -> 0 | G43: =SUM(G41:G42) -> 600000 | H43: =SUM(H41:H42) -> 0 | I43: =SUM(I41:I42) -> 600000 | K43: =SUM(K41:K42) -> 0 | L43: =SUM(L41:L42) -> 0 | O43: =SUM(O41:O42) -> 0 | P43: =SUM(P41:P42) -> 0
E44: Sampai bulan ini | F44: =F43+F40 -> 52884579 | G44: =G43+G40 -> 600000 | H44: =H43+H40 -> 34301638 | I44: =I43+I40 -> 600000 | K44: =K43+K40 -> 18582941 | L44: =L43+L40 -> 0 | O44: =O43+O40 -> 0 | P44: =P43+P40 -> 0
E45: SALDO | F45: =F44-G44 -> 52284579 | H45: =H44-I44 -> 33701638 | K45: =K44-L44 -> 18582941 | O45: =O44-P44 -> 0
A48: TANGGAL | B48: CODE | E48: URAIAN | F48: MASUK | G48: KELUAR | H48: KAS | K48: BANK | O48: HUTANG SHU
H49: MASUK | I49: KELUAR | J49: SISA | K49: MASUK | L49: KELUAR | M49: SISA | O49: MASUK | P49: KELUAR | Q49: SISA
A50: 45663 | C50: =LEFT(E50,5) -> SALDO | E50: SALDO AWAL | F50: =F45 -> 52284579 | H50: =H45 -> 33701638 | J50: =H50-I50 -> 33701638 | K50: =K45 -> 18582941 | M50: =K50-L50 -> 18582941 | O50: =O45 -> 0 | Q50: =O50-P50 -> 0
J51: =J50+H51-I51 -> 33701638 | M51: =M50+K51-L51 -> 18582941 | Q51: =Q50+O51-P51 -> 0
J52: =J51+H52-I52 -> 33701638 | M52: =M51+K52-L52 -> 18582941 | Q52: =#REF!+O52-P52 -> #REF!
E53: Bulan ini | F53: =SUM(F51:F52) -> 0 | G53: =SUM(G51:G52) -> 0 | H53: =SUM(H51:H52) -> 0 | I53: =SUM(I51:I52) -> 0 | K53: =SUM(K51:K52) -> 0 | L53: =SUM(L51:L52) -> 0 | O53: =SUM(O51:O52) -> 0 | P53: =SUM(P51:P52) -> 0
E54: Sampai bulan ini | F54: =F53+F50 -> 52284579 | G54: =G53+G50 -> 0 | H54: =H53+H50 -> 33701638 | I54: =I53+I50 -> 0 | K54: =K53+K50 -> 18582941 | L54: =L53+L50 -> 0 | O54: =O53+O50 -> 0 | P54: =P53+P50 -> 0
E55: SALDO | F55: =F54-G54 -> 52284579 | H55: =H54-I54 -> 33701638 | K55: =K54-L54 -> 18582941 | O55: =O54-P54 -> 0
A58: TANGGAL | B58: CODE | E58: URAIAN | F58: MASUK | G58: KELUAR | H58: KAS | K58: BANK | O58: HUTANG SHU
H59: MASUK | I59: KELUAR | J59: SISA | K59: MASUK | L59: KELUAR | M59: SISA | O59: MASUK | P59: KELUAR | Q59: SISA
A60: 45664 | C60: =LEFT(E60,5) -> SALDO | E60: SALDO AWAL | F60: =F55 -> 52284579 | H60: =H55 -> 33701638 | J60: =H60-I60 -> 33701638 | K60: =K55 -> 18582941 | M60: =K60-L60 -> 18582941 | O60: =O55 -> 0 | Q60: =O60-P60 -> 0
J61: =J60+H61-I61 -> 33701638 | M61: =M60+K61-L61 -> 18582941 | Q61: =Q60+O61-P61 -> 0
A62: 30-07-2025 | J62: =J61+H62-I62 -> 33701638 | M62: =M61+K62-L62 -> 18582941 | Q62: =#REF!+O62-P62 -> #REF!
E63: Bulan ini | F63: =SUM(F61:F62) -> 0 | G63: =SUM(G61:G62) -> 0 | H63: =SUM(H61:H62) -> 0 | I63: =SUM(I61:I62) -> 0 | K63: =SUM(K61:K62) -> 0 | L63: =SUM(L61:L62) -> 0 | O63: =SUM(O61:O62) -> 0 | P63: =SUM(P61:P62) -> 0
E64: Sampai bulan ini | F64: =F63+F60 -> 52284579 | G64: =G63+G60 -> 0 | H64: =H63+H60 -> 33701638 | I64: =I63+I60 -> 0 | K64: =K63+K60 -> 18582941 | L64: =L63+L60 -> 0 | O64: =O63+O60 -> 0 | P64: =P63+P60 -> 0
E65: SALDO | F65: =F64-G64 -> 52284579 | H65: =H64-I64 -> 33701638 | K65: =K64-L64 -> 18582941 | O65: =O64-P64 -> 0
A68: TANGGAL | B68: CODE | E68: URAIAN | F68: MASUK | G68: KELUAR | H68: KAS | K68: BANK | O68: HUTANG SHU
H69: MASUK | I69: KELUAR | J69: SISA | K69: MASUK | L69: KELUAR | M69: SISA | O69: MASUK | P69: KELUAR | Q69: SISA
A70: 45665 | C70: =LEFT(E70,5) -> SALDO | E70: SALDO AWAL | F70: =F65 -> 52284579 | H70: =H65 -> 33701638 | J70: =H70-I70 -> 33701638 | K70: =K65 -> 18582941 | M70: =K70-L70 -> 18582941 | O70: =O65 -> 0 | Q70: =O70-P70 -> 0
J71: =J70+H71-I71 -> 33701638 | M71: =M70+K71-L71 -> 18582941 | Q71: =Q70+O71-P71 -> 0
A72: 30-08-2025 | J72: =J71+H72-I72 -> 33701638 | M72: =M71+K72-L72 -> 18582941 | Q72: =#REF!+O72-P72 -> #REF!
E73: Bulan ini | F73: =SUM(F71:F72) -> 0 | G73: =SUM(G71:G72) -> 0 | H73: =SUM(H71:H72) -> 0 | I73: =SUM(I71:I72) -> 0 | K73: =SUM(K71:K72) -> 0 | L73: =SUM(L71:L72) -> 0 | O73: =SUM(O71:O72) -> 0 | P73: =SUM(P71:P72) -> 0
E74: Sampai bulan ini | F74: =F73+F70 -> 52284579 | G74: =G73+G70 -> 0 | H74: =H73+H70 -> 33701638 | I74: =I73+I70 -> 0 | K74: =K73+K70 -> 18582941 | L74: =L73+L70 -> 0 | O74: =O73+O70 -> 0 | P74: =P73+P70 -> 0
E75: SALDO | F75: =F74-G74 -> 52284579 | H75: =H74-I74 -> 33701638 | K75: =K74-L74 -> 18582941 | O75: =O74-P74 -> 0
A78: TANGGAL | B78: CODE | E78: URAIAN | F78: MASUK | G78: KELUAR | H78: KAS | K78: BANK | O78: HUTANG SHU
H79: MASUK | I79: KELUAR | J79: SISA | K79: MASUK | L79: KELUAR | M79: SISA | O79: MASUK | P79: KELUAR | Q79: SISA
A80: 45666 | C80: =LEFT(E80,5) -> SALDO | E80: SALDO AWAL | F80: =F75 -> 52284579 | H80: =H75 -> 33701638 | J80: =H80-I80 -> 33701638 | K80: =K75 -> 18582941 | M80: =K80-L80 -> 18582941 | O80: =O75 -> 0 | Q80: =O80-P80 -> 0
A81: 45697 | B81: 3002 | E81: Pembagian SHU 2025 Pengurus | G81: 3753620 | I81: 3753620 | J81: =J80+H81-I81 -> 29948018 | M81: =M80+K81-L81 -> 18582941 | Q81: =Q80+O81-P81 -> 0
B82: 3003 | E82: Pembagian SHU 2025 Pengawas | G82: 1251200 | I82: 1251200 | J82: =J81+H82-I82 -> 28696818 | M82: =M81+K82-L82 -> 18582941
B83: 3001 | E83: Pembagian SHU 2025 Desa | G83: 3128015 | I83: 3128015 | J83: =J82+H83-I83 -> 25568803 | M83: =M82+K83-L83 -> 18582941
J84: =J83+H84-I84 -> 25568803 | M84: =M83+K84-L84 -> 18582941
J85: =J84+H85-I85 -> 25568803 | M85: =M84+K85-L85 -> 18582941
J86: =J85+H86-I86 -> 25568803 | M86: =M85+K86-L86 -> 18582941
J87: =J86+H87-I87 -> 25568803 | M87: =M86+K87-L87 -> 18582941 | Q87: =Q81+O87-P87 -> 0
J88: =J87+H88-I88 -> 25568803 | M88: =M87+K88-L88 -> 18582941 | Q88: =Q87+O88-P88 -> 0
B89: 3002 | E89: Pembulatan SHU | G89: 804.92 | I89: 804.92 | J89: =J88+H89-I89 -> 25567998 | M89: =M88+K89-L89 -> 18582941
B90: 5102 | E90: Biaya Konsumsi koordinasi | G90: 450000 | I90: 450000 | J90: =J89+H90-I90 -> 25117998 | M90: =M89+K90-L90 -> 18582941
B91: 5104 | E91: Biaya foto Copy | G91: 52000 | I91: 52000 | J91: =J90+H91-I91 -> 25065998 | M91: =M90+K91-L91 -> 18582941
A92: 38573 | B92: 5106 | E92: Transportasi Pelatihan | G92: 200000 | I92: 200000 | J92: =J91+H92-I92 -> 24865998 | M92: =M91+K92-L92 -> 18582941 | Q92: =Q88+O92-P92 -> 0
E93: Bulan ini | F93: =SUM(F81:F92) -> 0 | G93: =SUM(G81:G92) -> 8835639.9 | H93: =SUM(H81:H92) -> 0 | I93: =SUM(I81:I92) -> 8835639.9 | K93: =SUM(K81:K92) -> 0 | L93: =SUM(L81:L92) -> 0 | O93: =SUM(O81:O92) -> 0 | P93: =SUM(P81:P92) -> 0
E94: Sampai bulan ini | F94: =F93+F80 -> 52284579 | G94: =G93+G80 -> 8835639.9 | H94: =H93+H80 -> 33701638 | I94: =I93+I80 -> 8835639.9 | K94: =K93+K80 -> 18582941 | L94: =L93+L80 -> 0 | O94: =O93+O80 -> 0 | P94: =P93+P80 -> 0
E95: SALDO | F95: =F94-G94 -> 43448939 | H95: =H94-I94 -> 24865998 | K95: =K94-L94 -> 18582941 | O95: =O94-P94 -> 0
A98: TANGGAL | B98: CODE | E98: URAIAN | F98: MASUK | G98: KELUAR | H98: KAS | K98: BANK | O98: HUTANG SHU
H99: MASUK | I99: KELUAR | J99: SISA | K99: MASUK | L99: KELUAR | M99: SISA | O99: MASUK | P99: KELUAR | Q99: SISA
A100: 45667 | C100: =LEFT(E100,5) -> SALDO | E100: SALDO AWAL | F100: =F95 -> 43448939 | H100: =H95 -> 24865998 | J100: =H100-I100 -> 24865998 | K100: =K95 -> 18582941 | M100: =K100-L100 -> 18582941 | O100: =O95 -> 0 | Q100: =O100-P100 -> 0
J101: =J100+H101-I101 -> 24865998 | M101: =M100+K101-L101 -> 18582941 | Q101: =Q100+O101-P101 -> 0
A102: 30-10-2025 | J102: =J101+H102-I102 -> 24865998 | M102: =M101+K102-L102 -> 18582941 | Q102: =#REF!+O102-P102 -> #REF!
E103: Bulan ini | F103: =SUM(F101:F102) -> 0 | G103: =SUM(G101:G102) -> 0 | H103: =SUM(H101:H102) -> 0 | I103: =SUM(I101:I102) -> 0 | K103: =SUM(K101:K102) -> 0 | L103: =SUM(L101:L102) -> 0 | O103: =SUM(O101:O102) -> 0 | P103: =SUM(P101:P102) -> 0
E104: Sampai bulan ini | F104: =F103+F100 -> 43448939 | G104: =G103+G100 -> 0 | H104: =H103+H100 -> 24865998 | I104: =I103+I100 -> 0 | K104: =K103+K100 -> 18582941 | L104: =L103+L100 -> 0 | O104: =O103+O100 -> 0 | P104: =P103+P100 -> 0
E105: SALDO | F105: =F104-G104 -> 43448939 | H105: =H104-I104 -> 24865998 | K105: =K104-L104 -> 18582941 | O105: =O104-P104 -> 0
A108: TANGGAL | B108: CODE | E108: URAIAN | F108: MASUK | G108: KELUAR | H108: KAS | K108: BANK | O108: HUTANG SHU
H109: MASUK | I109: KELUAR | J109: SISA | K109: MASUK | L109: KELUAR | M109: SISA | O109: MASUK | P109: KELUAR | Q109: SISA
A110: 45668 | C110: =LEFT(E110,5) -> SALDO | E110: SALDO AWAL | F110: =F105 -> 43448939 | H110: =H105 -> 24865998 | J110: =H110-I110 -> 24865998 | K110: =K105 -> 18582941 | M110: =K110-L110 -> 18582941 | O110: =O105 -> 0 | Q110: =O110-P110 -> 0
J111: =J110+H111-I111 -> 24865998 | M111: =M110+K111-L111 -> 18582941
J112: =J111+H112-I112 -> 24865998 | M112: =M111+K112-L112 -> 18582941
A113: 30-11-2025 | J113: =J112+H113-I113 -> 24865998 | M113: =M112+K113-L113 -> 18582941 | Q113: =#REF!+O113-P113 -> #REF!
E114: Bulan ini | F114: =SUM(F111:F113) -> 0 | G114: =SUM(G111:G113) -> 0 | H114: =SUM(H111:H113) -> 0 | I114: =SUM(I111:I113) -> 0 | K114: =SUM(K111:K113) -> 0 | L114: =SUM(L111:L113) -> 0 | O114: =SUM(O111:O113) -> 0 | P114: =SUM(P111:P113) -> 0
E115: Sampai bulan ini | F115: =F114+F110 -> 43448939 | G115: =G114+G110 -> 0 | H115: =H114+H110 -> 24865998 | I115: =I114+I110 -> 0 | K115: =K114+K110 -> 18582941 | L115: =L114+L110 -> 0 | O115: =O114+O110 -> 0 | P115: =P114+P110 -> 0
...

Sheet sum sp
B1: CASH FLOW
B2: BUMDES "BAROKAH" BALONGBESUK DIWEK JOMBANG
B3: TAHUN ANGGARAN 2025
B5: UNIT USAHA SIMPAN PINJAM
B7: CODE | C7: URAIAN | D7: Tahun 2024 | G7: TOTAL
D8: Mei | E8: Nopember
B10: 1000 | C10: DANA AWAL | D10: =SUMIF('cth sp'!$B$9:$B$107,B10,'cth sp'!$E$9:$E$107) -> 0 | E10: =SUMIF('cth sp'!$B$114:$B$158,B10,'cth sp'!$E$114:$E$158) -> 0 | G10: =SUM(D10:F10) -> 0
B12: 2000 | C12: PIUTANG | D12: =SUM(D13:D14) -> 25000000 | E12: =SUM(E13:E14) -> 9000000 | F12: =SUM(F13:F14) -> 0 | G12: =SUM(G13:G14) -> 34000000
B13: 2001 | C13: PIUTANG ANGGOTA | D13: =SUMIF('cth sp'!$B$9:$B$107,B13,'cth sp'!$E$9:$E$107) -> 20000000 | E13: =SUMIF('cth sp'!$B$114:$B$158,B13,'cth sp'!$E$114:$E$158) -> 9000000 | F13: =SUMIF('cth sp'!$B$165:$B$389,B13,'cth sp'!$E$165:$E$389) -> 0 | G13: =SUM(D13:F13) -> 29000000
B14: 2002 | C14: PIUTANG JANGKA PANJAG/INVESTASI | D14: =SUMIF('cth sp'!$B$9:$B$107,B14,'cth sp'!$E$9:$E$107) -> 5000000 | E14: =SUMIF('cth sp'!$B$114:$B$158,B14,'cth sp'!$E$114:$E$158) -> 0 | F14: =SUMIF('cth sp'!$B$165:$B$389,B14,'cth sp'!$E$165:$E$389) -> 0 | G14: =SUM(D14:F14) -> 5000000
B16: 3000 | C16: HUTANG | D16: =D17+D20 -> 600000 | E16: =E17+E20 -> 270000 | F16: =F17+F20 -> 0 | G16: =G17+G20 -> 870000
B17: 3001 | C17: TABUNGAN ANGGOTA | D17: =SUM(D18:D19) -> 600000 | E17: =SUM(E18:E19) -> 270000 | F17: =SUM(F18:F19) -> 0 | G17: =SUM(G18:G19) -> 870000
B18: 3001-1 | C18: SIMPANAN POKOK | D18: =SUMIF('cth sp'!$B$9:$B$107,B18,'cth sp'!$E$9:$E$107) -> 0 | E18: =SUMIF('cth sp'!$B$114:$B$158,B18,'cth sp'!$E$114:$E$158) -> 0 | F18: =SUMIF('cth sp'!$B$165:$B$389,B18,'cth sp'!$E$165:$E$389) -> 0 | G18: =SUM(D18:F18) -> 0
B19: 3001-2 | C19: SIMPANAN WAJIB | D19: =SUMIF('cth sp'!$B$9:$B$107,B19,'cth sp'!$E$9:$E$107) -> 600000 | E19: =SUMIF('cth sp'!$B$114:$B$158,B19,'cth sp'!$E$114:$E$158) -> 270000 | F19: =SUMIF('cth sp'!$B$165:$B$389,B19,'cth sp'!$E$165:$E$389) -> 0 | G19: =SUM(D19:F19) -> 870000
B20: 3002 | C20: HUTANG PIHAK KE TIGA | D20: =SUMIF('cth sp'!$B$9:$B$107,B20,'cth sp'!$E$9:$E$107) -> 0 | E20: =SUMIF('cth sp'!$B$114:$B$158,B20,'cth sp'!$E$114:$E$158) -> 0 | F20: =SUMIF('cth sp'!$B$165:$B$389,B20,'cth sp'!$E$165:$E$389) -> 0 | G20: =SUM(D20:F20) -> 0
B22: 4000 | C22: PENDAPATAN | D22: =D23+D26 -> 2800000 | E22: =E23+E26 -> 1590000 | F22: =F23+F26 -> 0 | G22: =G23+G26 -> 4390000
B23: 4100 | C23: USAHA PINJAMAN | D23: =SUM(D24:D25) -> 2200000 | E23: =SUM(E24:E25) -> 990000 | F23: =SUM(F24:F25) -> 0 | G23: =SUM(G24:G25) -> 3190000
B24: 4101 | C24: Bunga Pinjaman | D24: =SUMIF('cth sp'!$B$9:$B$107,B24,'cth sp'!$E$9:$E$107) -> 1800000 | E24: =SUMIF('cth sp'!$B$114:$B$158,B24,'cth sp'!$E$114:$E$158) -> 810000 | F24: =SUMIF('cth sp'!$B$165:$B$389,B24,'cth sp'!$E$165:$E$389) -> 0 | G24: =SUM(D24:F24) -> 2610000 | H24: =SUM(D24:D25) -> 2200000 | I24: =D24-E24 -> 990000
B25: 4102 | C25: Administrasi Pinjaman | D25: =SUMIF('cth sp'!$B$9:$B$107,B25,'cth sp'!$E$9:$E$107) -> 400000 | E25: =SUMIF('cth sp'!$B$114:$B$158,B25,'cth sp'!$E$114:$E$158) -> 180000 | F25: =SUMIF('cth sp'!$B$165:$B$389,B25,'cth sp'!$E$165:$E$389) -> 0 | G25: =SUM(D25:F25) -> 580000 | H25: =D19+H24 -> 2800000 | I25: =I24-600000 -> 390000
B26: 4103 | C26: GAPOKTAN | D26: =SUMIF('cth sp'!$B$9:$B$107,B26,'cth sp'!$E$9:$E$107) -> 600000 | E26: =SUMIF('cth sp'!$B$114:$B$158,B26,'cth sp'!$E$114:$E$158) -> 600000 | F26: =SUMIF('cth sp'!$B$165:$B$389,B26,'cth sp'!$E$165:$E$389) -> 0 | G26: =SUM(D26:F26) -> 1200000 | H26: =H25-7920000 -> -5120000 | I26: 90000
B27: 4900 | C27: PENDAPATAN LAIN-LAIN | D27: =SUM(D28:D28) -> 0 | E27: =SUM(E28:E28) -> 0 | F27: =SUM(F28:F28) -> 0 | G27: =SUM(G28:G28) -> 0 | H27: =H25-H26 -> 7920000 | I27: =I24/I26 -> 11
B28: 4901 | C28: SUMBANGAN | D28: =SUMIF('cth sp'!$B$9:$B$84,B28,'cth sp'!$E$9:$E$84) -> 0 | E28: =SUMIF('cth sp'!$B$114:$B$158,B28,'cth sp'!$E$114:$E$158) -> 0 | F28: =SUMIF('cth sp'!$B$165:$B$389,B28,'cth sp'!$E$165:$E$389) -> 0 | G28: =SUM(D28:F28) -> 0
C30: TOTAL MASUK | D30: =D10+D12+D16+D22 -> 28400000 | E30: =E10+E12+E16+E22+E28+E27 -> 10860000 | F30: =F10+F12+F16+F22+F28+F27 -> 0 | G30: =G10+G12+G16+G22+G28+G27 -> 39260000 | H30: =E30-'cth sp'!G159 -> 0
G31: =SUM(D31:F31) -> 0
B32: 5000 | C32: BELANJA | D32: =D33 -> 0 | E32: =E33 -> 0 | F32: =F33 -> 0 | G32: =G33 -> 0 | I32: =D25/20000 -> 20
B33: 5100 | C33: Operasional | D33: =SUM(D34:D39) -> 0 | E33: =SUM(E34:E39) -> 0 | F33: =SUM(F34:F39) -> 0 | G33: =SUM(G34:G39) -> 0
B34: 5101 | C34: Gaji/Honor Pegawai | D34: =SUMIF('cth sp'!$B$9:$B$107,B34,'cth sp'!$F$9:$F$107) -> 0 | E34: =SUMIF('cth sp'!$B$114:$B$158,B34,'cth sp'!$F$114:$F$158) -> 0 | F34: =SUMIF('cth sp'!$B$165:$B$389,B34,'cth sp'!$F$165:$F$389) -> 0 | G34: =SUM(D34:F34) -> 0
B35: 5102 | C35: Transportasi | D35: =SUMIF('cth sp'!$B$9:$B$107,B35,'cth sp'!$F$9:$F$107) -> 0 | E35: =SUMIF('cth sp'!$B$114:$B$158,B35,'cth sp'!$F$114:$F$158) -> 0 | F35: =SUMIF('cth sp'!$B$165:$B$389,B35,'cth sp'!$F$165:$F$389) -> 0 | G35: =SUM(D35:F35) -> 0
B36: 5103 | C36: Alat Tulis Kantor | D36: =SUMIF('cth sp'!$B$9:$B$107,B36,'cth sp'!$F$9:$F$107) -> 0 | E36: =SUMIF('cth sp'!$B$114:$B$158,B36,'cth sp'!$F$114:$F$158) -> 0 | F36: =SUMIF('cth sp'!$B$165:$B$389,B36,'cth sp'!$F$165:$F$389) -> 0 | G36: =SUM(D36:F36) -> 0
B37: 5104 | C37: Perawatan | D37: =SUMIF('cth sp'!$B$9:$B$107,B37,'cth sp'!$F$9:$F$107) -> 0 | E37: =SUMIF('cth sp'!$B$114:$B$158,B37,'cth sp'!$F$114:$F$158) -> 0 | F37: =SUMIF('cth sp'!$B$165:$B$389,B37,'cth sp'!$F$165:$F$389) -> 0 | G37: =SUM(D37:F37) -> 0
B38: 5105 | C38: Rapat-rapat | D38: =SUMIF('cth sp'!$B$9:$B$107,B38,'cth sp'!$F$9:$F$107) -> 0 | E38: =SUMIF('cth sp'!$B$114:$B$158,B38,'cth sp'!$F$114:$F$158) -> 0 | F38: =SUMIF('cth sp'!$B$165:$B$389,B38,'cth sp'!$F$165:$F$389) -> 0 | G38: =SUM(D38:F38) -> 0
B39: 5109 | C39: Lain-lain | D39: =SUMIF('cth sp'!$B$9:$B$107,B39,'cth sp'!$F$9:$F$107) -> 0 | E39: =SUMIF('cth sp'!$B$114:$B$158,B39,'cth sp'!$F$114:$F$158) -> 0 | F39: =SUMIF('cth sp'!$B$165:$B$389,B39,'cth sp'!$F$165:$F$389) -> 0 | G39: =SUM(D39:F39) -> 0
C41: USAHA BUMDES | D41: =SUM(D42:D43) -> 20000000 | E41: =SUM(E42:E43) -> 8000000 | F41: =SUM(F42:F43) -> 0 | G41: =SUM(G42:G43) -> 28000000
B42: 2001 | C42: PIUTANG ANGGOTA | D42: =SUMIF('cth sp'!$B$9:$B$107,B42,'cth sp'!$F$9:$F$107) -> 20000000 | E42: =SUMIF('cth sp'!$B$114:$B$158,B42,'cth sp'!$F$114:$F$158) -> 8000000 | F42: =SUMIF('cth sp'!$B$165:$B$389,B42,'cth sp'!$F$165:$F$389) -> 0 | G42: =SUM(D42:F42) -> 28000000 | H42: =D42 -> 20000000
B43: 2002 | C43: PIUTANG JANGKA PANJAG/INVESTASI | D43: =SUMIF('cth sp'!$B$9:$B$107,B43,'cth sp'!$F$9:$F$107) -> 0 | E43: =SUMIF('cth sp'!$B$114:$B$158,B43,'cth sp'!$F$114:$F$158) -> 0 | F43: =SUMIF('cth sp'!$B$165:$B$389,B43,'cth sp'!$F$165:$F$389) -> 0 | G43: =SUM(D43:F43) -> 0 | H43: =(50000000-G43)+G14 -> 55000000
B45: 3001 | C45: SIMPANAN ANGGOTA | D45: =SUM(D46:D47) -> 0 | E45: =SUM(E46:E47) -> 380000 | F45: =SUM(F46:F47) -> 0 | G45: =SUM(G46:G47) -> 380000
B46: 3001-1 | C46: SIMPANAN POKOK | D46: =SUMIF('cth sp'!$B$9:$B$107,B46,'cth sp'!$F$9:$F$107) -> 0 | E46: =SUMIF('cth sp'!$B$114:$B$158,B46,'cth sp'!$F$114:$F$158) -> 50000 | G46: =SUM(D46:F46) -> 50000
B47: 3001-2 | C47: SIMPANAN WAJIB | D47: =SUMIF('cth sp'!$B$9:$B$107,B47,'cth sp'!$F$9:$F$107) -> 0 | E47: =SUMIF('cth sp'!$B$114:$B$158,B47,'cth sp'!$F$114:$F$158) -> 330000 | G47: =SUM(D47:F47) -> 330000
B49: 6000 | C49: PENYETORAN KE PENGURUS BUMDES | D49: =SUMIF('cth sp'!$B$9:$B$107,B49,'cth sp'!$F$9:$F$107) -> 0 | E49: =SUMIF('cth sp'!$B$114:$B$158,B49,'cth sp'!$F$114:$F$158) -> 10880000 | G49: =SUM(D49:F49) -> 10880000
C51: JUMLAH | D51: =D41+D32+D45+D49 -> 20000000 | E51: =E41+E32+E45+E49 -> 19260000 | F51: =F41+F32+F45+F49 -> 0 | G51: =G41+G32+G45+G49 -> 39260000
C52: SURPLUS / DEVISIT | D52: =D30-D51 -> 8400000 | E52: =E30-E51 -> -8400000 | F52: =F30-F51 -> 0 | G52: =G30-G51 -> 0
C54: Saldo Awal Tahun | D54: =G10 -> 0
C56: Pendapatan | D56: =G30 -> 39260000
C57: Pengeluaran | D57: =G51 -> 39260000
D58: =D54+D56-D57 -> 0
C60: POSISI KEUANGAN
C61: KAS | D61: ='cth sp'!G161 -> 0
C62: BANK | D62: ='cth sp'!J161 -> 0
D63: =SUM(D61:D62) -> 0
E65: ='PERUBAHAN MODAL'!D24 -> Balongbesuk, 15 Januari 2025
C66: ='PERUBAHAN MODAL'!B25 -> Dilaporkan Oleh; | E66: ='PERUBAHAN MODAL'!D25 -> Dibuat Oleh;
C70: ='PERUBAHAN MODAL'!B29 -> DODIK SUSANTO, S.Fil.I | E70: ='PERUBAHAN MODAL'!D29 -> MAMIK KURNIAWATI
C71: ='PERUBAHAN MODAL'!B30 -> Direktur BUMDesa "BAROKAH" | E71: ='PERUBAHAN MODAL'!D30 -> Bendahara BUMDesa "BAROKAH"
C73: ='PERUBAHAN MODAL'!A32 -> Mengetahui; | D73: ='PERUBAHAN MODAL'!C32 -> Disetujui Oleh
C74: ='PERUBAHAN MODAL'!A33 -> Badan Pengawas | D74: ='PERUBAHAN MODAL'!C33 -> Kepala Desa Balongbesuk
C79: ='PERUBAHAN MODAL'!A37 -> SADJI ABDULLAH | D79: ='PERUBAHAN MODAL'!C37 -> MOCHAMAD SAIFUR

Sheet gedung
A1: CASH FLOW
A2: BUMDES "BAROKAH" BALONGBESUK DIWEK JOMBANG
A3: TAHUN ANGGARAN 2025
A4: UNIT USAHA GEDUNG SERBA GUNA
A7: CODE | B7: URAIAN | D7: 2024 | J7: TOTAL
D8: Januari | E8: Pebruari | F8: Maret | G8: April | H8: Mei | I8: Juni
A10: 1000 | B10: DANA AWAL | E10: =E11-E12 -> 0 | F10: =F11-F12 -> 0 | G10: =G11-G12 -> 0 | H10: =H11-H12 -> 0 | I10: =I11-I12 -> 0 | J10: =SUM(C10:I10) -> 0
D11: ='cth gEDUNG'!G27 -> 2240000 | E11: ='cth gEDUNG'!E50 -> 3260000 | F11: ='cth gEDUNG'!E68 -> 2010000 | G11: ='cth gEDUNG'!E89 -> 1400000 | H11: ='cth gEDUNG'!E111 -> 1890000 | I11: ='cth gEDUNG'!E136 -> 3740000
A12: 2000 | B12: PENDAPATAN | C12: =SUM(C13:C15) -> 0 | D12: =SUM(D13:D16) -> 2240000 | E12: =SUM(E13:E16) -> 3260000 | F12: =SUM(F13:F16) -> 2010000 | G12: =SUM(G13:G16) -> 1400000 | H12: =SUM(H13:H16) -> 1890000 | I12: =SUM(I13:I16) -> 3740000 | J12: =SUM(J13:J16) -> 14540000
A13: 2001 | B13: PENDAPATAN PB | D13: =SUMIF('cth gEDUNG'!$B$8:$B$26,A13,'cth gEDUNG'!$E$8:$E$26) -> 1890000 | E13: =SUMIF('cth gEDUNG'!$B$33:$B$49,A13,'cth gEDUNG'!$E$33:$E$49) -> 1360000 | F13: =SUMIF('cth gEDUNG'!$B$57:$B$67,A13,'cth gEDUNG'!$E$57:$E$67) -> 1090000 | G13: =SUMIF('cth gEDUNG'!$B$75:$B$88,A13,'cth gEDUNG'!$E$75:$E$88) -> 1200000 | H13: =SUMIF('cth gEDUNG'!$B$96:$B$110,A13,'cth gEDUNG'!$E$96:$E$110) -> 1270000 | I13: =SUMIF('cth gEDUNG'!$B$118:$B$135,A13,'cth gEDUNG'!$E$118:$E$135) -> 1390000 | J13: =SUM(C13:I13) -> 8200000
A14: 2002 | B14: PENDAPATAN SEWA GEDUNG (EVEN) | D14: =SUMIF('cth gEDUNG'!$B$8:$B$26,A14,'cth gEDUNG'!$E$8:$E$26) -> 350000 | E14: =SUMIF('cth gEDUNG'!$B$33:$B$49,A14,'cth gEDUNG'!$E$33:$E$49) -> 1900000 | F14: =SUMIF('cth gEDUNG'!$B$57:$B$67,A14,'cth gEDUNG'!$E$57:$E$67) -> 920000 | G14: =SUMIF('cth gEDUNG'!$B$75:$B$88,A14,'cth gEDUNG'!$E$75:$E$88) -> 200000 | H14: =SUMIF('cth gEDUNG'!$B$96:$B$110,A14,'cth gEDUNG'!$E$96:$E$110) -> 620000 | I14: =SUMIF('cth gEDUNG'!$B$118:$B$135,A14,'cth gEDUNG'!$E$118:$E$135) -> 2350000 | J14: =SUM(C14:I14) -> 6340000
A15: 2003 | B15: PENDAPATAN SEWA PERLENGKAPAN | D15: =SUMIF('cth gEDUNG'!$B$8:$B$26,A15,'cth gEDUNG'!$E$8:$E$26) -> 0 | E15: =SUMIF('cth gEDUNG'!$B$33:$B$49,A15,'cth gEDUNG'!$E$33:$E$49) -> 0 | F15: =SUMIF('cth gEDUNG'!$B$57:$B$67,A15,'cth gEDUNG'!$E$57:$E$67) -> 0 | G15: =SUMIF('cth gEDUNG'!$B$75:$B$88,A15,'cth gEDUNG'!$E$75:$E$88) -> 0 | H15: =SUMIF('cth gEDUNG'!$B$96:$B$110,A15,'cth gEDUNG'!$E$96:$E$110) -> 0 | I15: =SUMIF('cth gEDUNG'!$B$118:$B$135,A15,'cth gEDUNG'!$E$118:$E$135) -> 0 | J15: =SUM(C15:I15) -> 0
A16: 2099 | B16: PENDAPATAN LAIN-LAIN | D16: =SUMIF('cth gEDUNG'!$B$8:$B$26,A16,'cth gEDUNG'!$E$8:$E$26) -> 0 | E16: =SUMIF('cth gEDUNG'!$B$33:$B$49,A16,'cth gEDUNG'!$E$33:$E$49) -> 0 | F16: =SUMIF('cth gEDUNG'!$B$57:$B$67,A16,'cth gEDUNG'!$E$57:$E$67) -> 0 | G16: =SUMIF('cth gEDUNG'!$B$75:$B$88,A16,'cth gEDUNG'!$E$75:$E$88) -> 0 | H16: =SUMIF('cth gEDUNG'!$B$96:$B$110,A16,'cth gEDUNG'!$E$96:$E$110) -> 0 | I16: =SUMIF('cth gEDUNG'!$B$118:$B$135,A16,'cth gEDUNG'!$E$118:$E$135) -> 0 | J16: =SUM(C16:I16) -> 0
A17: 3000 | B17: PIUTANG/CASH BON | C17: =SUM(C18:C18) -> 0 | D17: =SUM(D18:D18) -> 0 | E17: =SUM(E18:E18) -> 0 | F17: =SUM(F18:F18) -> 0 | G17: =SUM(G18:G18) -> 0 | H17: =SUM(H18:H18) -> 0 | I17: =SUM(I18:I18) -> 0 | J17: =SUM(J18:J18) -> 0
A18: 3001 | B18: Piutang Tukang Kebun | D18: =SUMIF('cth gEDUNG'!$B$8:$B$26,A18,'cth gEDUNG'!$E$8:$E$26) -> 0 | E18: =SUMIF('cth gEDUNG'!$B$33:$B$49,A18,'cth gEDUNG'!$E$33:$E$49) -> 0 | F18: =SUMIF('cth gEDUNG'!$B$57:$B$67,A18,'cth gEDUNG'!$E$57:$E$67) -> 0 | G18: =SUMIF('cth gEDUNG'!$B$75:$B$88,A18,'cth gEDUNG'!$E$75:$E$88) -> 0 | H18: =SUMIF('cth gEDUNG'!$B$96:$B$110,A18,'cth gEDUNG'!$E$96:$E$110) -> 0 | I18: =SUMIF('cth gEDUNG'!$B$118:$B$135,A18,'cth gEDUNG'!$E$118:$E$135) -> 0 | J18: =SUM(C18:I18) -> 0
B20: TOTAL MASUK | C20: =C10+C12+C17 -> 0 | D20: =D10+D12+D17 -> 2240000 | E20: =E10+E12+E17 -> 3260000 | F20: =F10+F12+F17 -> 2010000 | G20: =G10+G12+G17 -> 1400000 | H20: =H10+H12+H17 -> 1890000 | I20: =I10+I12+I17 -> 3740000 | J20: =J10+J12+J17 -> 14540000
A22: 5000 | B22: BELANJA | D22: =D23 -> 872000 | E22: =E23 -> 105000 | F22: =F23 -> 30000 | G22: =G23 -> 105000 | H22: =H23 -> 205000 | I22: =I23 -> 360000 | J22: =J23 -> 1677000
A23: 5100 | B23: Operasional | D23: =SUM(D24:D31) -> 872000 | E23: =SUM(E24:E31) -> 105000 | F23: =SUM(F24:F31) -> 30000 | G23: =SUM(G24:G31) -> 105000 | H23: =SUM(H24:H31) -> 205000 | I23: =SUM(I24:I31) -> 360000 | J23: =SUM(J24:J31) -> 1677000
A24: 5101 | B24: Gaji/Honor Pegawai | D24: =SUMIF('cth gEDUNG'!$B$8:$B$26,A24,'cth gEDUNG'!$F$8:$F$26) -> 0 | E24: =SUMIF('cth gEDUNG'!$B$33:$B$49,A24,'cth gEDUNG'!$F$33:$F$49) -> 0 | F24: =SUMIF('cth gEDUNG'!$B$57:$B$67,A24,'cth gEDUNG'!$F$57:$F$67) -> 0 | G24: =SUMIF('cth gEDUNG'!$B$75:$B$88,A24,'cth gEDUNG'!$F$75:$F$88) -> 0 | H24: =SUMIF('cth gEDUNG'!$B$96:$B$110,A24,'cth gEDUNG'!$F$96:$F$110) -> 0 | I24: =SUMIF('cth gEDUNG'!$B$118:$B$135,A24,'cth gEDUNG'!$F$118:$F$135) -> 0 | J24: =SUM(D24:I24) -> 0
A25: 5102 | B25: Transportasi | D25: =SUMIF('cth gEDUNG'!$B$8:$B$26,A25,'cth gEDUNG'!$F$8:$F$26) -> 0 | E25: =SUMIF('cth gEDUNG'!$B$33:$B$49,A25,'cth gEDUNG'!$F$33:$F$49) -> 0 | F25: =SUMIF('cth gEDUNG'!$B$57:$B$67,A25,'cth gEDUNG'!$F$57:$F$67) -> 0 | G25: =SUMIF('cth gEDUNG'!$B$75:$B$88,A25,'cth gEDUNG'!$F$75:$F$88) -> 0 | H25: =SUMIF('cth gEDUNG'!$B$96:$B$110,A25,'cth gEDUNG'!$F$96:$F$110) -> 0 | I25: =SUMIF('cth gEDUNG'!$B$118:$B$135,A25,'cth gEDUNG'!$F$118:$F$135) -> 0 | J25: =SUM(D25:I25) -> 0
A26: 5103 | B26: Peralatan Kebersihan | D26: =SUMIF('cth gEDUNG'!$B$8:$B$26,A26,'cth gEDUNG'!$F$8:$F$26) -> 0 | E26: =SUMIF('cth gEDUNG'!$B$33:$B$49,A26,'cth gEDUNG'!$F$33:$F$49) -> 0 | F26: =SUMIF('cth gEDUNG'!$B$57:$B$67,A26,'cth gEDUNG'!$F$57:$F$67) -> 22000 | G26: =SUMIF('cth gEDUNG'!$B$75:$B$88,A26,'cth gEDUNG'!$F$75:$F$88) -> 0 | H26: =SUMIF('cth gEDUNG'!$B$96:$B$110,A26,'cth gEDUNG'!$F$96:$F$110) -> 0 | I26: =SUMIF('cth gEDUNG'!$B$118:$B$135,A26,'cth gEDUNG'!$F$118:$F$135) -> 0 | J26: =SUM(D26:I26) -> 22000
A27: 5104 | B27: Listrik | D27: =SUMIF('cth gEDUNG'!$B$8:$B$26,A27,'cth gEDUNG'!$F$8:$F$26) -> 210000 | E27: =SUMIF('cth gEDUNG'!$B$33:$B$49,A27,'cth gEDUNG'!$F$33:$F$49) -> 105000 | F27: =SUMIF('cth gEDUNG'!$B$57:$B$67,A27,'cth gEDUNG'!$F$57:$F$67) -> 0 | G27: =SUMIF('cth gEDUNG'!$B$75:$B$88,A27,'cth gEDUNG'!$F$75:$F$88) -> 105000 | H27: =SUMIF('cth gEDUNG'!$B$96:$B$110,A27,'cth gEDUNG'!$F$96:$F$110) -> 105000 | I27: =SUMIF('cth gEDUNG'!$B$118:$B$135,A27,'cth gEDUNG'!$F$118:$F$135) -> 0 | J27: =SUM(D27:I27) -> 525000
A28: 5105 | B28: Peralatan Listrik | D28: =SUMIF('cth gEDUNG'!$B$8:$B$26,A28,'cth gEDUNG'!$F$8:$F$26) -> 247000 | E28: =SUMIF('cth gEDUNG'!$B$33:$B$49,A28,'cth gEDUNG'!$F$33:$F$49) -> 0 | F28: =SUMIF('cth gEDUNG'!$B$57:$B$67,A28,'cth gEDUNG'!$F$57:$F$67) -> 0 | G28: =SUMIF('cth gEDUNG'!$B$75:$B$88,A28,'cth gEDUNG'!$F$75:$F$88) -> 0 | H28: =SUMIF('cth gEDUNG'!$B$96:$B$110,A28,'cth gEDUNG'!$F$96:$F$110) -> 0 | I28: =SUMIF('cth gEDUNG'!$B$118:$B$135,A28,'cth gEDUNG'!$F$118:$F$135) -> 0 | J28: =SUM(D28:I28) -> 247000
A29: 5106 | B29: Perlengkapan | D29: =SUMIF('cth gEDUNG'!$B$8:$B$26,A29,'cth gEDUNG'!$F$8:$F$26) -> 300000 | E29: =SUMIF('cth gEDUNG'!$B$33:$B$49,A29,'cth gEDUNG'!$F$33:$F$49) -> 0 | F29: =SUMIF('cth gEDUNG'!$B$57:$B$67,A29,'cth gEDUNG'!$F$57:$F$67) -> 0 | G29: =SUMIF('cth gEDUNG'!$B$75:$B$88,A29,'cth gEDUNG'!$F$75:$F$88) -> 0 | H29: =SUMIF('cth gEDUNG'!$B$96:$B$110,A29,'cth gEDUNG'!$F$96:$F$110) -> 0 | I29: =SUMIF('cth gEDUNG'!$B$118:$B$135,A29,'cth gEDUNG'!$F$118:$F$135) -> 0 | J29: =SUM(D29:I29) -> 300000
A30: 5107 | B30: Rapat-Rapat | D30: =SUMIF('cth gEDUNG'!$B$8:$B$26,A30,'cth gEDUNG'!$F$8:$F$26) -> 0 | E30: =SUMIF('cth gEDUNG'!$B$33:$B$49,A30,'cth gEDUNG'!$F$33:$F$49) -> 0 | F30: =SUMIF('cth gEDUNG'!$B$57:$B$67,A30,'cth gEDUNG'!$F$57:$F$67) -> 0 | G30: =SUMIF('cth gEDUNG'!$B$75:$B$88,A30,'cth gEDUNG'!$F$75:$F$88) -> 0 | H30: =SUMIF('cth gEDUNG'!$B$96:$B$110,A30,'cth gEDUNG'!$F$96:$F$110) -> 0 | I30: =SUMIF('cth gEDUNG'!$B$118:$B$135,A30,'cth gEDUNG'!$F$118:$F$135) -> 0 | J30: =SUM(D30:I30) -> 0
A31: 5109 | B31: Perawatan Lain-Lain | D31: =SUMIF('cth gEDUNG'!$B$8:$B$26,A31,'cth gEDUNG'!$F$8:$F$26) -> 115000 | E31: =SUMIF('cth gEDUNG'!$B$33:$B$49,A31,'cth gEDUNG'!$F$33:$F$49) -> 0 | F31: =SUMIF('cth gEDUNG'!$B$57:$B$67,A31,'cth gEDUNG'!$F$57:$F$67) -> 8000 | G31: =SUMIF('cth gEDUNG'!$B$75:$B$88,A31,'cth gEDUNG'!$F$75:$F$88) -> 0 | H31: =SUMIF('cth gEDUNG'!$B$96:$B$110,A31,'cth gEDUNG'!$F$96:$F$110) -> 100000 | I31: =SUMIF('cth gEDUNG'!$B$118:$B$135,A31,'cth gEDUNG'!$F$118:$F$135) -> 360000 | J31: =SUM(D31:I31) -> 583000
J32: =SUM(D32:F32) -> 0
A33: 5200 | B33: PERLENGKAPAN | D33: =SUM(D34:D35) -> 0 | E33: =SUM(E34:E35) -> 0 | F33: =SUM(F34:F35) -> 0 | G33: =SUM(G34:G35) -> 0 | H33: =SUM(H34:H35) -> 0 | I33: =SUM(I34:I35) -> 0 | J33: =SUM(J34:J35) -> 0
A34: 5201 | B34: PERLENGKAPAN ELEKTRIK | D34: =SUMIF('cth gEDUNG'!$B$8:$B$26,A34,'cth gEDUNG'!$F$8:$F$26) -> 0 | E34: =SUMIF('cth gEDUNG'!$B$33:$B$49,A34,'cth gEDUNG'!$F$33:$F$49) -> 0 | F34: =SUMIF('cth gEDUNG'!$B$57:$B$67,A34,'cth gEDUNG'!$F$57:$F$67) -> 0 | G34: =SUMIF('cth gEDUNG'!$B$75:$B$88,A34,'cth gEDUNG'!$F$75:$F$88) -> 0 | H34: =SUMIF('cth gEDUNG'!$B$96:$B$110,A34,'cth gEDUNG'!$F$96:$F$110) -> 0 | I34: =SUMIF('cth gEDUNG'!$B$118:$B$135,A34,'cth gEDUNG'!$F$118:$F$135) -> 0 | J34: =SUM(D34:I34) -> 0
A35: 5202 | B35: perlengkapan olah raga | D35: =SUMIF('cth gEDUNG'!$B$8:$B$26,A35,'cth gEDUNG'!$F$8:$F$26) -> 0 | E35: =SUMIF('cth gEDUNG'!$B$33:$B$49,A35,'cth gEDUNG'!$F$33:$F$49) -> 0 | F35: =SUMIF('cth gEDUNG'!$B$57:$B$67,A35,'cth gEDUNG'!$F$57:$F$67) -> 0 | G35: =SUMIF('cth gEDUNG'!$B$75:$B$88,A35,'cth gEDUNG'!$F$75:$F$88) -> 0 | H35: =SUMIF('cth gEDUNG'!$B$96:$B$110,A35,'cth gEDUNG'!$F$96:$F$110) -> 0 | I35: =SUMIF('cth gEDUNG'!$B$118:$B$135,A35,'cth gEDUNG'!$F$118:$F$135) -> 0 | J35: =SUM(D35:I35) -> 0
A37: 3000 | B37: PIUTANG | D37: =SUM(D38:D39) -> 0 | E37: =SUM(E38:E39) -> 1000000 | F37: =SUM(F38:F39) -> 0 | G37: =SUM(G38:G39) -> 0 | H37: =SUM(H38:H39) -> 0 | I37: =SUM(I38:I39) -> 500000 | J37: =SUM(J38:J39) -> 1500000
A38: 3001 | B38: PIUTANG STAFF | D38: =SUMIF('cth gEDUNG'!$B$8:$B$26,A38,'cth gEDUNG'!$F$8:$F$26) -> 0 | E38: =SUMIF('cth gEDUNG'!$B$33:$B$49,A38,'cth gEDUNG'!$F$33:$F$49) -> 1000000 | F38: =SUMIF('cth gEDUNG'!$B$57:$B$67,A38,'cth gEDUNG'!$F$57:$F$67) -> 0 | G38: =SUMIF('cth gEDUNG'!$B$75:$B$88,A38,'cth gEDUNG'!$F$75:$F$88) -> 0 | H38: =SUMIF('cth gEDUNG'!$B$96:$B$110,A38,'cth gEDUNG'!$F$96:$F$110) -> 0 | I38: =SUMIF('cth gEDUNG'!$B$118:$B$135,A38,'cth gEDUNG'!$F$118:$F$135) -> 500000 | J38: =SUM(D38:I38) -> 1500000
A39: 2002 | B39: PIUTANG JANGKA PANJAG/INVESTASI | D39: =SUMIF('cth gEDUNG'!$B$8:$B$26,A39,'cth gEDUNG'!$F$8:$F$26) -> 0 | E39: =SUMIF('cth gEDUNG'!$B$33:$B$49,A39,'cth gEDUNG'!$F$33:$F$49) -> 0 | F39: =SUMIF('cth gEDUNG'!$B$57:$B$67,A39,'cth gEDUNG'!$F$57:$F$67) -> 0 | G39: =SUMIF('cth gEDUNG'!$B$75:$B$88,A39,'cth gEDUNG'!$F$75:$F$88) -> 0 | H39: =SUMIF('cth gEDUNG'!$B$96:$B$110,A39,'cth gEDUNG'!$F$96:$F$110) -> 0 | I39: =SUMIF('cth gEDUNG'!$B$118:$B$135,A39,'cth gEDUNG'!$F$118:$F$135) -> 0 | J39: =SUM(D39:I39) -> 0
A40: STR | B40: SETOR KE BENDAHARA | D40: =SUMIF('cth gEDUNG'!$B$8:$B$26,A40,'cth gEDUNG'!$F$8:$F$26) -> 0 | E40: =SUMIF('cth gEDUNG'!$B$33:$B$49,A40,'cth gEDUNG'!$F$33:$F$49) -> 0 | F40: =SUMIF('cth gEDUNG'!$B$57:$B$67,A40,'cth gEDUNG'!$F$57:$F$67) -> 0 | G40: =SUMIF('cth gEDUNG'!$B$75:$B$88,A40,'cth gEDUNG'!$F$75:$F$88) -> 0 | H40: =SUMIF('cth gEDUNG'!$B$96:$B$110,A40,'cth gEDUNG'!$F$96:$F$110) -> 0 | I40: =SUMIF('cth gEDUNG'!$B$118:$B$135,A40,'cth gEDUNG'!$F$118:$F$135) -> 0 | J40: =SUM(D40:I40) -> 0
B41: JUMLAH | D41: =D37+D22+D33+D40 -> 872000 | E41: =E37+E22+E33+E40 -> 1105000 | F41: =F37+F22+F33+F40 -> 30000 | G41: =G37+G22+G33+G40 -> 105000 | H41: =H37+H22+H33+H40 -> 205000 | I41: =I37+I22+I33+I40 -> 860000 | J41: =J37+J22+J33+J40 -> 3177000
B42: SURPLUS / DEVISIT | D42: =D20-D41 -> 1368000 | E42: =E20-E41 -> 2155000 | F42: =F20-F41 -> 1980000 | G42: =G20-G41 -> 1295000 | H42: =H20-H41 -> 1685000 | I42: =I20-I41 -> 2880000 | J42: =J20-J41 -> 11363000
A45: CASH FLOW
A46: BUMDES "BAROKAH" BALONGBESUK DIWEK JOMBANG
A47: TAHUN ANGGARAN 2025
A48: UNIT USAHA GEDUNG SERBA GUNA
A51: CODE | B51: URAIAN | C51: S/D JUNI | D51: 2024 | J51: TOTAL
D52: Juli | E52: Agustus | F52: September | G52: Oktober | H52: Nopember | I52: Desember
A54: 1000 | B54: DANA AWAL | C54: =J10 -> 0 | E54: =SUMIF('cth sp'!$B$89:$B$107,A54,'cth sp'!$E$89:$E$107) -> 0 | J54: =SUM(C54:I54) -> 0
A56: 2000 | B56: PENDAPATAN | C56: =SUM(C57:C60) -> 14540000 | D56: =SUM(D57:D60) -> 2090000 | E56: =SUM(E57:E60) -> 1600000 | F56: =SUM(F57:F60) -> 1440000 | G56: =SUM(G57:G60) -> 2160000 | H56: =SUM(H57:H60) -> 3890000 | I56: =SUM(I57:I60) -> 4230000 | J56: =SUM(J57:J60) -> 29950000
A57: 2001 | B57: PENDAPATAN PB | C57: =J13 -> 8200000 | D57: =SUMIF('cth gEDUNG'!$B$142:$B$158,A57,'cth gEDUNG'!$E$142:$E$158) -> 1290000 | E57: =SUMIF('cth gEDUNG'!$B$165:$B$181,A57,'cth gEDUNG'!$E$165:$E$181) -> 1600000 | F57: =SUMIF('cth gEDUNG'!$B$188:$B$202,A57,'cth gEDUNG'!$E$188:$E$202) -> 1080000 | G57: =SUMIF('cth gEDUNG'!$B$209:$B$224,A57,'cth gEDUNG'!$E$209:$E$224) -> 1760000 | H57: =SUMIF('cth gEDUNG'!$B$231:$B$249,A57,'cth gEDUNG'!$E$231:$E$249) -> 1140000 | I57: =SUMIF('cth gEDUNG'!$B$256:$B$276,A57,'cth gEDUNG'!$E$256:$E$276) -> 1230000 | J57: =SUM(C57:I57) -> 16300000
A58: 2002 | B58: PENDAPATAN SEWA GEDUNG (EVEN) | C58: =J14 -> 6340000 | D58: =SUMIF('cth gEDUNG'!$B$142:$B$158,A58,'cth gEDUNG'!$E$142:$E$158) -> 800000 | E58: =SUMIF('cth gEDUNG'!$B$165:$B$181,A58,'cth gEDUNG'!$E$165:$E$181) -> 0 | F58: =SUMIF('cth gEDUNG'!$B$188:$B$202,A58,'cth gEDUNG'!$E$188:$E$202) -> 360000 | G58: =SUMIF('cth gEDUNG'!$B$209:$B$224,A58,'cth gEDUNG'!$E$209:$E$224) -> 400000 | H58: =SUMIF('cth gEDUNG'!$B$231:$B$249,A58,'cth gEDUNG'!$E$231:$E$249) -> 2750000 | I58: =SUMIF('cth gEDUNG'!$B$256:$B$276,A58,'cth gEDUNG'!$E$256:$E$276) -> 2400000 | J58: =SUM(C58:I58) -> 13050000
A59: 2003 | B59: PENDAPATAN SEWA PERLENGKAPAN | C59: =J15 -> 0 | D59: =SUMIF('cth gEDUNG'!$B$142:$B$158,A59,'cth gEDUNG'!$E$142:$E$158) -> 0 | E59: =SUMIF('cth gEDUNG'!$B$165:$B$181,A59,'cth gEDUNG'!$E$165:$E$181) -> 0 | F59: =SUMIF('cth gEDUNG'!$B$188:$B$202,A59,'cth gEDUNG'!$E$188:$E$202) -> 0 | G59: =SUMIF('cth gEDUNG'!$B$209:$B$224,A59,'cth gEDUNG'!$E$209:$E$224) -> 0 | H59: =SUMIF('cth gEDUNG'!$B$231:$B$249,A59,'cth gEDUNG'!$E$231:$E$249) -> 0 | I59: =SUMIF('cth gEDUNG'!$B$256:$B$276,A59,'cth gEDUNG'!$E$256:$E$276) -> 600000 | J59: =SUM(C59:I59) -> 600000
A60: 2099 | B60: PENDAPATAN LAIN-LAIN | C60: =J16 -> 0 | D60: =SUMIF('cth gEDUNG'!$B$142:$B$158,A60,'cth gEDUNG'!$E$142:$E$158) -> 0 | E60: =SUMIF('cth gEDUNG'!$B$165:$B$181,A60,'cth gEDUNG'!$E$165:$E$181) -> 0 | F60: =SUMIF('cth gEDUNG'!$B$188:$B$202,A60,'cth gEDUNG'!$E$188:$E$202) -> 0 | G60: =SUMIF('cth gEDUNG'!$B$209:$B$224,A60,'cth gEDUNG'!$E$209:$E$224) -> 0 | H60: =SUMIF('cth gEDUNG'!$B$231:$B$249,A60,'cth gEDUNG'!$E$231:$E$249) -> 0 | I60: =SUMIF('cth gEDUNG'!$B$256:$B$276,A60,'cth gEDUNG'!$E$256:$E$276) -> 0 | J60: =SUM(C60:I60) -> 0
A61: 3000 | B61: PIUTANG/CASH BON | C61: =SUM(C62:C63) -> 0 | D61: =SUM(D62:D63) -> 500000 | E61: =SUM(E62:E63) -> 0 | F61: =SUM(F62:F63) -> 0 | G61: =SUM(G62:G63) -> 0 | H61: =SUM(H62:H63) -> 0 | I61: =SUM(I62:I63) -> 1000000 | J61: =SUM(J62:J63) -> 1500000
A62: 3001 | B62: Piutang Tukang Kebun/Pengelolah | C62: =J18 -> 0 | D62: =SUMIF('cth gEDUNG'!$B$142:$B$158,A62,'cth gEDUNG'!$E$142:$E$158) -> 500000 | E62: =SUMIF('cth gEDUNG'!$B$165:$B$181,A62,'cth gEDUNG'!$E$165:$E$181) -> 0 | F62: =SUMIF('cth gEDUNG'!$B$188:$B$202,A62,'cth gEDUNG'!$E$188:$E$202) -> 0 | G62: =SUMIF('cth gEDUNG'!$B$209:$B$224,A62,'cth gEDUNG'!$E$209:$E$224) -> 0 | H62: =SUMIF('cth gEDUNG'!$B$231:$B$249,A62,'cth gEDUNG'!$E$231:$E$249) -> 0 | I62: =SUMIF('cth gEDUNG'!$B$256:$B$276,A62,'cth gEDUNG'!$E$256:$E$276) -> 1000000 | J62: =SUM(C62:I62) -> 1500000
C63: =J18 -> 0 | D63: =SUMIF('cth gEDUNG'!$B$142:$B$158,A63,'cth gEDUNG'!$E$142:$E$158) -> 0 | E63: =SUMIF('cth gEDUNG'!$B$165:$B$181,A63,'cth gEDUNG'!$E$165:$E$181) -> 0 | F63: =SUMIF('cth gEDUNG'!$B$188:$B$202,A63,'cth gEDUNG'!$E$188:$E$202) -> 0 | G63: =SUMIF('cth gEDUNG'!$B$209:$B$224,A63,'cth gEDUNG'!$E$209:$E$224) -> 0 | H63: =SUMIF('cth gEDUNG'!$B$231:$B$249,A63,'cth gEDUNG'!$E$231:$E$249) -> 0 | I63: =SUMIF('cth gEDUNG'!$B$256:$B$276,A63,'cth gEDUNG'!$E$256:$E$276) -> 0 | J63: =SUM(D63:I63) -> 0
B65: TOTAL MASUK | C65: =C54+C56+C61 -> 14540000 | D65: =D54+D56+D61 -> 2590000 | E65: =E54+E56+E61 -> 1600000 | F65: =F54+F56+F61 -> 1440000 | G65: =G54+G56+G61 -> 2160000 | H65: =H54+H56+H61 -> 3890000 | I65: =I54+I56+I61 -> 5230000 | J65: =J54+J56+J61 -> 31450000
A67: 5000 | B67: BELANJA | C67: =C68 -> 1677000 | D67: =D68 -> 355000 | E67: =E68 -> 795000 | F67: =F68 -> 305000 | G67: =G68 -> 160000 | H67: =H68 -> 1080000 | I67: =I68 -> 16406900 | J67: =J68 -> 20778900
A68: 5100 | B68: Operasional | C68: =SUM(C69:C76) -> 1677000 | D68: =SUM(D69:D76) -> 355000 | E68: =SUM(E69:E76) -> 795000 | F68: =SUM(F69:F76) -> 305000 | G68: =SUM(G69:G76) -> 160000 | H68: =SUM(H69:H76) -> 1080000 | I68: =SUM(I69:I76) -> 16406900 | J68: =SUM(J69:J76) -> 20778900
A69: 5101 | B69: Gaji/Honor Pegawai | C69: =J24 -> 0 | D69: =SUMIF('cth gEDUNG'!$B$142:$B$158,A69,'cth gEDUNG'!$F$142:$F$158) -> 0 | E69: =SUMIF('cth gEDUNG'!$B$165:$B$181,A69,'cth gEDUNG'!$F$165:$F$181) -> 0 | F69: =SUMIF('cth gEDUNG'!$B$188:$B$202,A69,'cth gEDUNG'!$F$188:$F$202) -> 0 | G69: =SUMIF('cth gEDUNG'!$B$209:$B$224,A69,'cth gEDUNG'!$F$209:$F$224) -> 0 | H69: =SUMIF('cth gEDUNG'!$B$231:$B$249,A69,'cth gEDUNG'!$F$231:$F$249) -> 200000 | I69: =SUMIF('cth gEDUNG'!$B$256:$B$276,A69,'cth gEDUNG'!$F$256:$F$276) -> 16153800 | J69: =SUM(C69:I69) -> 16353800
A70: 5102 | B70: Transportasi | C70: =J25 -> 0 | D70: =SUMIF('cth gEDUNG'!$B$142:$B$158,A70,'cth gEDUNG'!$F$142:$F$158) -> 0 | E70: =SUMIF('cth gEDUNG'!$B$165:$B$181,A70,'cth gEDUNG'!$F$165:$F$181) -> 0 | F70: =SUMIF('cth gEDUNG'!$B$188:$B$202,A70,'cth gEDUNG'!$F$188:$F$202) -> 0 | G70: =SUMIF('cth gEDUNG'!$B$209:$B$224,A70,'cth gEDUNG'!$F$209:$F$224) -> 0 | H70: =SUMIF('cth gEDUNG'!$B$231:$B$249,A70,'cth gEDUNG'!$F$231:$F$249) -> 0 | I70: =SUMIF('cth gEDUNG'!$B$256:$B$276,A70,'cth gEDUNG'!$F$256:$F$276) -> 0 | J70: =SUM(C70:I70) -> 0
A71: 5103 | B71: Peralatan Kebersihan | C71: =J26 -> 22000 | D71: =SUMIF('cth gEDUNG'!$B$142:$B$158,A71,'cth gEDUNG'!$F$142:$F$158) -> 0 | E71: =SUMIF('cth gEDUNG'!$B$165:$B$181,A71,'cth gEDUNG'!$F$165:$F$181) -> 0 | F71: =SUMIF('cth gEDUNG'!$B$188:$B$202,A71,'cth gEDUNG'!$F$188:$F$202) -> 0 | G71: =SUMIF('cth gEDUNG'!$B$209:$B$224,A71,'cth gEDUNG'!$F$209:$F$224) -> 0 | H71: =SUMIF('cth gEDUNG'!$B$231:$B$249,A71,'cth gEDUNG'!$F$231:$F$249) -> 270000 | I71: =SUMIF('cth gEDUNG'!$B$256:$B$276,A71,'cth gEDUNG'!$F$256:$F$276) -> 0 | J71: =SUM(C71:I71) -> 292000
A72: 5104 | B72: Listrik | C72: =J27 -> 525000 | D72: =SUMIF('cth gEDUNG'!$B$142:$B$158,A72,'cth gEDUNG'!$F$142:$F$158) -> 305000 | E72: =SUMIF('cth gEDUNG'!$B$165:$B$181,A72,'cth gEDUNG'!$F$165:$F$181) -> 105000 | F72: =SUMIF('cth gEDUNG'!$B$188:$B$202,A72,'cth gEDUNG'!$F$188:$F$202) -> 105000 | G72: =SUMIF('cth gEDUNG'!$B$209:$B$224,A72,'cth gEDUNG'!$F$209:$F$224) -> 160000 | H72: =SUMIF('cth gEDUNG'!$B$231:$B$249,A72,'cth gEDUNG'!$F$231:$F$249) -> 210000 | I72: =SUMIF('cth gEDUNG'!$B$256:$B$276,A72,'cth gEDUNG'!$F$256:$F$276) -> 105000 | J72: =SUM(C72:I72) -> 1515000
A73: 5105 | B73: Peralatan Listrik | C73: =J28 -> 247000 | D73: =SUMIF('cth gEDUNG'!$B$142:$B$158,A73,'cth gEDUNG'!$F$142:$F$158) -> 0 | E73: =SUMIF('cth gEDUNG'!$B$165:$B$181,A73,'cth gEDUNG'!$F$165:$F$181) -> 0 | F73: =SUMIF('cth gEDUNG'!$B$188:$B$202,A73,'cth gEDUNG'!$F$188:$F$202) -> 150000 | G73: =SUMIF('cth gEDUNG'!$B$209:$B$224,A73,'cth gEDUNG'!$F$209:$F$224) -> 0 | H73: =SUMIF('cth gEDUNG'!$B$231:$B$249,A73,'cth gEDUNG'!$F$231:$F$249) -> 200000 | I73: =SUMIF('cth gEDUNG'!$B$256:$B$276,A73,'cth gEDUNG'!$F$256:$F$276) -> 0 | J73: =SUM(C73:I73) -> 597000
A74: 5106 | B74: Perlengkapan | C74: =J29 -> 300000 | D74: =SUMIF('cth gEDUNG'!$B$142:$B$158,A74,'cth gEDUNG'!$F$142:$F$158) -> 0 | E74: =SUMIF('cth gEDUNG'!$B$165:$B$181,A74,'cth gEDUNG'!$F$165:$F$181) -> 0 | F74: =SUMIF('cth gEDUNG'!$B$188:$B$202,A74,'cth gEDUNG'!$F$188:$F$202) -> 0 | G74: =SUMIF('cth gEDUNG'!$B$209:$B$224,A74,'cth gEDUNG'!$F$209:$F$224) -> 0 | H74: =SUMIF('cth gEDUNG'!$B$231:$B$249,A74,'cth gEDUNG'!$F$231:$F$249) -> 0 | I74: =SUMIF('cth gEDUNG'!$B$256:$B$276,A74,'cth gEDUNG'!$F$256:$F$276) -> 0 | J74: =SUM(C74:I74) -> 300000
A75: 5107 | B75: Rapat-Rapat | C75: =J30 -> 0 | D75: =SUMIF('cth gEDUNG'!$B$142:$B$158,A75,'cth gEDUNG'!$F$142:$F$158) -> 0 | E75: =SUMIF('cth gEDUNG'!$B$165:$B$181,A75,'cth gEDUNG'!$F$165:$F$181) -> 0 | F75: =SUMIF('cth gEDUNG'!$B$188:$B$202,A75,'cth gEDUNG'!$F$188:$F$202) -> 0 | G75: =SUMIF('cth gEDUNG'!$B$209:$B$224,A75,'cth gEDUNG'!$F$209:$F$224) -> 0 | H75: =SUMIF('cth gEDUNG'!$B$231:$B$249,A75,'cth gEDUNG'!$F$231:$F$249) -> 0 | I75: =SUMIF('cth gEDUNG'!$B$256:$B$276,A75,'cth gEDUNG'!$F$256:$F$276) -> 0 | J75: =SUM(C75:I75) -> 0
A76: 5109 | B76: Perawaan Lain-Lain | C76: =J31 -> 583000 | D76: =SUMIF('cth gEDUNG'!$B$142:$B$158,A76,'cth gEDUNG'!$F$142:$F$158) -> 50000 | E76: =SUMIF('cth gEDUNG'!$B$165:$B$181,A76,'cth gEDUNG'!$F$165:$F$181) -> 690000 | F76: =SUMIF('cth gEDUNG'!$B$188:$B$202,A76,'cth gEDUNG'!$F$188:$F$202) -> 50000 | G76: =SUMIF('cth gEDUNG'!$B$209:$B$224,A76,'cth gEDUNG'!$F$209:$F$224) -> 0 | H76: =SUMIF('cth gEDUNG'!$B$231:$B$249,A76,'cth gEDUNG'!$F$231:$F$249) -> 200000 | I76: =SUMIF('cth gEDUNG'!$B$256:$B$276,A76,'cth gEDUNG'!$F$256:$F$276) -> 148100 | J76: =SUM(C76:I76) -> 1721100
A78: 5200 | B78: PERLENGKAPAN | C78: =SUM(C79:C80) -> 0 | D78: =SUM(D79:D80) -> 0 | E78: =SUM(E79:E80) -> 0 | F78: =SUM(F79:F80) -> 0 | G78: =SUM(G79:G80) -> 0 | H78: =SUM(H79:H80) -> 0 | I78: =SUM(I79:I80) -> 0 | J78: =SUM(J79:J80) -> 0
A79: 5201 | B79: PERLENGKAPAN ELEKTRIK | C79: =J34 -> 0 | D79: =SUMIF('cth gEDUNG'!$B$142:$B$158,A79,'cth gEDUNG'!$F$142:$F$158) -> 0 | E79: =SUMIF('cth gEDUNG'!$B$165:$B$181,A79,'cth gEDUNG'!$F$165:$F$181) -> 0 | F79: =SUMIF('cth gEDUNG'!$B$188:$B$202,A79,'cth gEDUNG'!$F$188:$F$202) -> 0 | G79: =SUMIF('cth gEDUNG'!$B$209:$B$224,A79,'cth gEDUNG'!$F$209:$F$224) -> 0 | H79: =SUMIF('cth gEDUNG'!$B$231:$B$249,A79,'cth gEDUNG'!$F$231:$F$249) -> 0 | I79: =SUMIF('cth gEDUNG'!$B$256:$B$276,A79,'cth gEDUNG'!$F$256:$F$276) -> 0 | J79: =SUM(C79:I79) -> 0
A80: 5202 | B80: perlengkapan olah raga | C80: =J35 -> 0 | J80: =SUM(C80:I80) -> 0
J81: =SUM(C81:I81) -> 0
A82: 3000 | B82: PIUTANG | C82: =SUM(C83) -> 1500000 | D82: =SUM(D83) -> 0 | E82: =SUM(E83) -> 0 | F82: =SUM(F83) -> 0 | G82: =SUM(G83) -> 0 | H82: =SUM(H83) -> 0 | I82: =SUM(I83) -> 0 | J82: =SUM(J83) -> 1500000
A83: 3001 | B83: PIUTANG STAFF | C83: =J38 -> 1500000 | D83: =SUMIF('cth gEDUNG'!$B$142:$B$158,A83,'cth gEDUNG'!$F$142:$F$158) -> 0 | E83: =SUMIF('cth gEDUNG'!$B$165:$B$181,A83,'cth gEDUNG'!$F$165:$F$181) -> 0 | F83: =SUMIF('cth gEDUNG'!$B$188:$B$202,A83,'cth gEDUNG'!$F$188:$F$202) -> 0 | G83: =SUMIF('cth gEDUNG'!$B$209:$B$224,A83,'cth gEDUNG'!$F$209:$F$224) -> 0 | H83: =SUMIF('cth gEDUNG'!$B$231:$B$249,A83,'cth gEDUNG'!$F$231:$F$249) -> 0 | I83: =SUMIF('cth gEDUNG'!$B$256:$B$276,A83,'cth gEDUNG'!$F$256:$F$276) -> 0 | J83: =SUM(C83:I83) -> 1500000
D84: =SUMIF('cth gEDUNG'!$B$142:$B$158,A84,'cth gEDUNG'!$F$142:$F$158) -> 0 | E84: =SUMIF('cth gEDUNG'!$B$165:$B$181,A84,'cth gEDUNG'!$F$165:$F$181) -> 0 | F84: =SUMIF('cth gEDUNG'!$B$188:$B$202,A84,'cth gEDUNG'!$F$188:$F$202) -> 0 | G84: =SUMIF('cth gEDUNG'!$B$209:$B$224,A84,'cth gEDUNG'!$F$209:$F$224) -> 0 | H84: =SUMIF('cth gEDUNG'!$B$231:$B$249,A84,'cth gEDUNG'!$F$231:$F$249) -> 0 | I84: =SUMIF('cth gEDUNG'!$B$256:$B$276,A84,'cth gEDUNG'!$F$256:$F$276) -> 0 | J84: =SUM(D84:I84) -> 0
A85: STR | B85: SETOR KE BENDAHARA BUMDES | C85: =J40 -> 0 | D85: =SUMIF('cth gEDUNG'!$B$142:$B$158,A85,'cth gEDUNG'!$F$142:$F$158) -> 0 | E85: =SUMIF('cth gEDUNG'!$B$165:$B$181,A85,'cth gEDUNG'!$F$165:$F$181) -> 0 | F85: =SUMIF('cth gEDUNG'!$B$188:$B$202,A85,'cth gEDUNG'!$F$188:$F$202) -> 0 | G85: =SUMIF('cth gEDUNG'!$B$209:$B$224,A85,'cth gEDUNG'!$F$209:$F$224) -> 0 | H85: =SUMIF('cth gEDUNG'!$B$231:$B$249,A85,'cth gEDUNG'!$F$231:$F$249) -> 0 | I85: =SUMIF('cth gEDUNG'!$B$256:$B$276,A85,'cth gEDUNG'!$F$256:$F$276) -> 6880000 | J85: =SUM(C85:I85) -> 6880000
B87: JUMLAH | C87: =C82+C67+C78+C85 -> 3177000 | D87: =D82+D67+D78+D85 -> 355000 | E87: =E82+E67+E78+E85 -> 795000 | F87: =F82+F67+F78+F85 -> 305000 | G87: =G82+G67+G78+G85 -> 160000 | H87: =H82+H67+H78+H85 -> 1080000 | I87: =I82+I67+I78+I85 -> 23286900 | J87: =J82+J67+J78+J85 -> 29158900
B88: SURPLUS / DEVISIT | C88: =C65-C87 -> 11363000 | D88: =D65-D87 -> 2235000 | E88: =E65-E87 -> 805000 | F88: =F65-F87 -> 1135000 | G88: =G65-G87 -> 2000000 | H88: =H65-H87 -> 2810000 | I88: =I65-I87 -> -18056900 | J88: =J65-J87 -> 2291100
B96: SALDO TAHUN LALU 2024 | D96: 5457800
B97: PENDAPATAN | D97: =J56 -> 29950000
B98: PENGEMBALIAN PIUTANG | D98: =J61 -> 1500000
B99: TOTAL | D99: =SUM(D96:D98) -> 36907800
B101: PENGELUARAN
B103: Operasioal | D103: =J67 -> 20778900
B104: perlengkapan | D104: =J78 -> 0
B105: piutang | D105: =J82 -> 1500000
B106: Setor Ke Bendahara | D106: =J85 -> 6880000
B107: TOTAL | D107: =SUM(D103:D106) -> 29158900
B109: TOTAL LEBIH/KURANG | D109: =D99-D107 -> 7748900
C111: Balongbesuk 18 Pebruari 2025
B112: Mengetahui; | C112: Dibuat Oleh
C113: Kepala unit Pengelolaan Gedung Serba Guna
B117: =NERACA!I39 -> DODIK SUSANTO, S.Fil.I | C117: BAIRUL SETIAWAN
B118: =tabungan!C179 -> Direktur BUMDES

Sheet bumdes
B1: CASH FLOW
B2: BUMDES "BAROKAH" BALONGBESUK DIWEK JOMBANG
B3: TAHUN ANGGARAN 2022
B7: CODE | C7: URAIAN | E7: 2025 | K7: TOTAL
E8: Januari | F8: Pebruari | G8: Maret | H8: April | I8: Mei | J8: Juni
B10: 1000 | C10: DANA AWAL | K10: =SUM(E10:G10) -> 0
B11: 1002 | C11: Penyertaan Modal Desa
B13: 2000 | C13: PENDAPATAN | D13: =SUM(D14:D16) -> 0 | E13: =SUM(E14:E16) -> 0 | F13: =SUM(F14:F16) -> 0 | G13: =SUM(G14:G16) -> 0 | H13: =SUM(H14:H16) -> 0 | I13: =SUM(I14:I16) -> 0 | J13: =SUM(J14:J16) -> 0 | K13: =SUM(K14:K16) -> 0
B14: 2001 | C14: Simpan Pinjam | E14: =SUMIF('CTH BUMDES'!$B$7:$B$8,B14,'CTH BUMDES'!$F$7:$F$8) -> 0 | F14: =SUMIF('CTH BUMDES'!$B$15:$B$16,B14,'CTH BUMDES'!$F$15:$F$16) -> 0 | G14: =SUMIF('CTH BUMDES'!$B$23:$B$24,B14,'CTH BUMDES'!$F$23:$F$24) -> 0 | H14: =SUMIF('CTH BUMDES'!$B$31:$B$32,B14,'CTH BUMDES'!$F$31:$F$32) -> 0 | I14: =SUMIF('CTH BUMDES'!$B$40:$B$42,B14,'CTH BUMDES'!$F$40:$F$42) -> 0 | J14: =SUMIF('CTH BUMDES'!$B$50:$B$52,B14,'CTH BUMDES'!$F$50:$F$52) -> 0 | K14: =SUM(D14:J14) -> 0
B15: 2002 | C15: Penarikan Setoran dari Unit GSG | E15: =SUMIF('CTH BUMDES'!$B$7:$B$8,B15,'CTH BUMDES'!$F$7:$F$8) -> 0 | F15: =SUMIF('CTH BUMDES'!$B$15:$B$16,B15,'CTH BUMDES'!$F$15:$F$16) -> 0 | G15: =SUMIF('CTH BUMDES'!$B$23:$B$24,B15,'CTH BUMDES'!$F$23:$F$24) -> 0 | H15: =SUMIF('CTH BUMDES'!$B$31:$B$32,B15,'CTH BUMDES'!$F$31:$F$32) -> 0 | I15: =SUMIF('CTH BUMDES'!$B$40:$B$42,B15,'CTH BUMDES'!$F$40:$F$42) -> 0 | J15: =SUMIF('CTH BUMDES'!$B$50:$B$52,B15,'CTH BUMDES'!$F$50:$F$52) -> 0 | K15: =SUM(D15:J15) -> 0
B16: 2003 | C16: LAPAK | E16: =SUMIF('CTH BUMDES'!$B$7:$B$8,B16,'CTH BUMDES'!$F$7:$F$8) -> 0 | F16: =SUMIF('CTH BUMDES'!$B$15:$B$16,B16,'CTH BUMDES'!$F$15:$F$16) -> 0 | G16: =SUMIF('CTH BUMDES'!$B$23:$B$24,B16,'CTH BUMDES'!$F$23:$F$24) -> 0 | H16: =SUMIF('CTH BUMDES'!$B$31:$B$32,B16,'CTH BUMDES'!$F$31:$F$32) -> 0 | I16: =SUMIF('CTH BUMDES'!$B$40:$B$42,B16,'CTH BUMDES'!$F$40:$F$42) -> 0 | J16: =SUMIF('CTH BUMDES'!$B$50:$B$52,B16,'CTH BUMDES'!$F$50:$F$52) -> 0 | K16: =SUM(D16:J16) -> 0
B17: 2004 | C17: PPOB | E17: =SUMIF('CTH BUMDES'!$B$7:$B$8,B17,'CTH BUMDES'!$F$7:$F$8) -> 0 | F17: =SUMIF('CTH BUMDES'!$B$15:$B$16,B17,'CTH BUMDES'!$F$15:$F$16) -> 0 | G17: =SUMIF('CTH BUMDES'!$B$23:$B$24,B17,'CTH BUMDES'!$F$23:$F$24) -> 0 | H17: =SUMIF('CTH BUMDES'!$B$31:$B$32,B17,'CTH BUMDES'!$F$31:$F$32) -> 0 | I17: =SUMIF('CTH BUMDES'!$B$40:$B$42,B17,'CTH BUMDES'!$F$40:$F$42) -> 0 | J17: =SUMIF('CTH BUMDES'!$B$50:$B$52,B17,'CTH BUMDES'!$F$50:$F$52) -> 0
C19: TOTAL MASUK | D19: =D10+D13 -> 0 | E19: =E10+E13 -> 0 | F19: =F10+F13 -> 0 | G19: =G10+G13 -> 0 | H19: =H10+H13 -> 0 | I19: =I10+I13 -> 0 | J19: =J10+J13 -> 0 | K19: =K10+K13 -> 0
K20: =SUM(E20:G20) -> 0
B21: 5000 | C21: BELANJA | E21: =E22 -> 0 | F21: =F22 -> 0 | G21: =G22 -> 0 | H21: =H22 -> 0 | I21: =I22 -> 600000 | J21: =J22 -> 0 | K21: =K22 -> 600000
B22: 5100 | C22: Operasional | E22: =SUM(E23:E32) -> 0 | F22: =SUM(F23:F32) -> 0 | G22: =SUM(G23:G32) -> 0 | H22: =SUM(H23:H32) -> 0 | I22: =SUM(I23:I32) -> 600000 | J22: =SUM(J23:J32) -> 0 | K22: =SUM(K23:K32) -> 600000
B23: 5101 | C23: Gaji/Honor Pegawai | E23: =SUMIF('CTH BUMDES'!$B$7:$B$8,B23,'CTH BUMDES'!$G$7:$G$8) -> 0 | F23: =SUMIF('CTH BUMDES'!$B$15:$B$16,B23,'CTH BUMDES'!$G$15:$G$16) -> 0 | G23: =SUMIF('CTH BUMDES'!$B$23:$B$24,B23,'CTH BUMDES'!$G$23:$G$24) -> 0 | H23: =SUMIF('CTH BUMDES'!$B$31:$B$32,B23,'CTH BUMDES'!$G$31:$G$32) -> 0 | I23: =SUMIF('CTH BUMDES'!$B$40:$B$42,B23,'CTH BUMDES'!$G$40:$G$42) -> 0 | J23: =SUMIF('CTH BUMDES'!$B$50:$B$52,B23,'CTH BUMDES'!$G$50:$G$52) -> 0 | K23: =SUM(D23:J23) -> 0
B24: 5102 | C24: Biaya Rapat-Rapat | E24: =SUMIF('CTH BUMDES'!$B$7:$B$8,B24,'CTH BUMDES'!$G$7:$G$8) -> 0 | F24: =SUMIF('CTH BUMDES'!$B$15:$B$16,B24,'CTH BUMDES'!$G$15:$G$16) -> 0 | G24: =SUMIF('CTH BUMDES'!$B$23:$B$24,B24,'CTH BUMDES'!$G$23:$G$24) -> 0 | H24: =SUMIF('CTH BUMDES'!$B$31:$B$32,B24,'CTH BUMDES'!$G$31:$G$32) -> 0 | I24: =SUMIF('CTH BUMDES'!$B$40:$B$42,B24,'CTH BUMDES'!$G$40:$G$42) -> 0 | J24: =SUMIF('CTH BUMDES'!$B$50:$B$52,B24,'CTH BUMDES'!$G$50:$G$52) -> 0 | K24: =SUM(D24:J24) -> 0
B25: 5103 | C25: Kebersihan dan Peralatan Kebersihan | E25: =SUMIF('CTH BUMDES'!$B$7:$B$8,B25,'CTH BUMDES'!$G$7:$G$8) -> 0 | F25: =SUMIF('CTH BUMDES'!$B$15:$B$16,B25,'CTH BUMDES'!$G$15:$G$16) -> 0 | G25: =SUMIF('CTH BUMDES'!$B$23:$B$24,B25,'CTH BUMDES'!$G$23:$G$24) -> 0 | H25: =SUMIF('CTH BUMDES'!$B$31:$B$32,B25,'CTH BUMDES'!$G$31:$G$32) -> 0 | I25: =SUMIF('CTH BUMDES'!$B$40:$B$42,B25,'CTH BUMDES'!$G$40:$G$42) -> 0 | J25: =SUMIF('CTH BUMDES'!$B$50:$B$52,B25,'CTH BUMDES'!$G$50:$G$52) -> 0 | K25: =SUM(D25:J25) -> 0
B26: 5104 | C26: Foto Cop, Cetak dan ATK | E26: =SUMIF('CTH BUMDES'!$B$7:$B$8,B26,'CTH BUMDES'!$G$7:$G$8) -> 0 | F26: =SUMIF('CTH BUMDES'!$B$15:$B$16,B26,'CTH BUMDES'!$G$15:$G$16) -> 0 | G26: =SUMIF('CTH BUMDES'!$B$23:$B$24,B26,'CTH BUMDES'!$G$23:$G$24) -> 0 | H26: =SUMIF('CTH BUMDES'!$B$31:$B$32,B26,'CTH BUMDES'!$G$31:$G$32) -> 0 | I26: =SUMIF('CTH BUMDES'!$B$40:$B$42,B26,'CTH BUMDES'!$G$40:$G$42) -> 0 | J26: =SUMIF('CTH BUMDES'!$B$50:$B$52,B26,'CTH BUMDES'!$G$50:$G$52) -> 0 | K26: =SUM(D26:J26) -> 0
B27: 5105 | C27: Listrik dan Perlengkapan listrik | E27: =SUMIF('CTH BUMDES'!$B$7:$B$8,B27,'CTH BUMDES'!$G$7:$G$8) -> 0 | F27: =SUMIF('CTH BUMDES'!$B$15:$B$16,B27,'CTH BUMDES'!$G$15:$G$16) -> 0 | G27: =SUMIF('CTH BUMDES'!$B$23:$B$24,B27,'CTH BUMDES'!$G$23:$G$24) -> 0 | H27: =SUMIF('CTH BUMDES'!$B$31:$B$32,B27,'CTH BUMDES'!$G$31:$G$32) -> 0 | I27: =SUMIF('CTH BUMDES'!$B$40:$B$42,B27,'CTH BUMDES'!$G$40:$G$42) -> 0 | J27: =SUMIF('CTH BUMDES'!$B$50:$B$52,B27,'CTH BUMDES'!$G$50:$G$52) -> 0 | K27: =SUM(D27:J27) -> 0
B28: 5106 | C28: transportasi | E28: =SUMIF('CTH BUMDES'!$B$7:$B$8,B28,'CTH BUMDES'!$G$7:$G$8) -> 0 | F28: =SUMIF('CTH BUMDES'!$B$15:$B$16,B28,'CTH BUMDES'!$G$15:$G$16) -> 0 | G28: =SUMIF('CTH BUMDES'!$B$23:$B$24,B28,'CTH BUMDES'!$G$23:$G$24) -> 0 | H28: =SUMIF('CTH BUMDES'!$B$31:$B$32,B28,'CTH BUMDES'!$G$31:$G$32) -> 0 | I28: =SUMIF('CTH BUMDES'!$B$40:$B$42,B28,'CTH BUMDES'!$G$40:$G$42) -> 600000 | J28: =SUMIF('CTH BUMDES'!$B$50:$B$52,B28,'CTH BUMDES'!$G$50:$G$52) -> 0 | K28: =SUM(D28:J28) -> 600000
B29: 5107 | C29: Perlengkapan | E29: =SUMIF('CTH BUMDES'!$B$7:$B$8,B29,'CTH BUMDES'!$G$7:$G$8) -> 0 | F29: =SUMIF('CTH BUMDES'!$B$15:$B$16,B29,'CTH BUMDES'!$G$15:$G$16) -> 0 | G29: =SUMIF('CTH BUMDES'!$B$23:$B$24,B29,'CTH BUMDES'!$G$23:$G$24) -> 0 | H29: =SUMIF('CTH BUMDES'!$B$31:$B$32,B29,'CTH BUMDES'!$G$31:$G$32) -> 0 | I29: =SUMIF('CTH BUMDES'!$B$40:$B$42,B29,'CTH BUMDES'!$G$40:$G$42) -> 0 | J29: =SUMIF('CTH BUMDES'!$B$50:$B$52,B29,'CTH BUMDES'!$G$50:$G$52) -> 0 | K29: =SUM(D29:J29) -> 0
B30: 5108 | C30: Kegiatan lain | E30: =SUMIF('CTH BUMDES'!$B$7:$B$8,B30,'CTH BUMDES'!$G$7:$G$8) -> 0 | F30: =SUMIF('CTH BUMDES'!$B$15:$B$16,B30,'CTH BUMDES'!$G$15:$G$16) -> 0 | G30: =SUMIF('CTH BUMDES'!$B$23:$B$24,B30,'CTH BUMDES'!$G$23:$G$24) -> 0 | H30: =SUMIF('CTH BUMDES'!$B$31:$B$32,B30,'CTH BUMDES'!$G$31:$G$32) -> 0 | I30: =SUMIF('CTH BUMDES'!$B$40:$B$42,B30,'CTH BUMDES'!$G$40:$G$42) -> 0 | J30: =SUMIF('CTH BUMDES'!$B$50:$B$52,B30,'CTH BUMDES'!$G$50:$G$52) -> 0 | K30: =SUM(D30:J30) -> 0
B31: 5109 | C31: Perawaan Lain-Lain | E31: =SUMIF('CTH BUMDES'!$B$7:$B$8,B31,'CTH BUMDES'!$G$7:$G$8) -> 0 | F31: =SUMIF('CTH BUMDES'!$B$15:$B$16,B31,'CTH BUMDES'!$G$15:$G$16) -> 0 | G31: =SUMIF('CTH BUMDES'!$B$23:$B$24,B31,'CTH BUMDES'!$G$23:$G$24) -> 0 | H31: =SUMIF('CTH BUMDES'!$B$31:$B$32,B31,'CTH BUMDES'!$G$31:$G$32) -> 0 | I31: =SUMIF('CTH BUMDES'!$B$40:$B$42,B31,'CTH BUMDES'!$G$40:$G$42) -> 0 | J31: =SUMIF('CTH BUMDES'!$B$50:$B$52,B31,'CTH BUMDES'!$G$50:$G$52) -> 0 | K31: =SUM(D31:J31) -> 0
B32: 5110 | C32: Perawatan Gedung | E32: =SUMIF('CTH BUMDES'!$B$7:$B$8,B32,'CTH BUMDES'!$G$7:$G$8) -> 0 | F32: =SUMIF('CTH BUMDES'!$B$15:$B$16,B32,'CTH BUMDES'!$G$15:$G$16) -> 0 | G32: =SUMIF('CTH BUMDES'!$B$23:$B$24,B32,'CTH BUMDES'!$G$23:$G$24) -> 0 | H32: =SUMIF('CTH BUMDES'!$B$31:$B$32,B32,'CTH BUMDES'!$G$31:$G$32) -> 0 | I32: =SUMIF('CTH BUMDES'!$B$40:$B$42,B32,'CTH BUMDES'!$G$40:$G$42) -> 0 | J32: =SUMIF('CTH BUMDES'!$B$50:$B$52,B32,'CTH BUMDES'!$G$50:$G$52) -> 0 | K32: =SUM(D32:J32) -> 0
B34: 5200 | C34: PERLENGKAPAN | E34: =SUM(E35:E36) -> 0 | F34: =SUM(F35:F36) -> 0 | G34: =SUM(G35:G36) -> 0 | H34: =SUM(H35:H36) -> 0 | I34: =SUM(I35:I36) -> 0 | J34: =SUM(J35:J36) -> 0 | K34: =SUM(K35:K36) -> 0
B35: 5201 | C35: KIPAS ANGIN | E35: =SUMIF('CTH BUMDES'!$B$7:$B$8,B35,'CTH BUMDES'!$G$7:$G$8) -> 0 | F35: =SUMIF('CTH BUMDES'!$B$15:$B$16,B35,'CTH BUMDES'!$G$15:$G$16) -> 0 | G35: =SUMIF('CTH BUMDES'!$B$23:$B$24,B35,'CTH BUMDES'!$G$23:$G$24) -> 0 | H35: =SUMIF('CTH BUMDES'!$B$31:$B$32,B35,'CTH BUMDES'!$G$31:$G$32) -> 0 | I35: =SUMIF('CTH BUMDES'!$B$40:$B$42,B35,'CTH BUMDES'!$G$40:$G$42) -> 0 | J35: =SUMIF('CTH BUMDES'!$B$50:$B$52,B35,'CTH BUMDES'!$G$50:$G$52) -> 0 | K35: =SUM(D35:J35) -> 0
B36: 5202 | C36: Meja | E36: =SUMIF('CTH BUMDES'!$B$7:$B$8,B36,'CTH BUMDES'!$G$7:$G$8) -> 0 | F36: =SUMIF('CTH BUMDES'!$B$15:$B$16,B36,'CTH BUMDES'!$G$15:$G$16) -> 0 | G36: =SUMIF('CTH BUMDES'!$B$23:$B$24,B36,'CTH BUMDES'!$G$23:$G$24) -> 0 | H36: =SUMIF('CTH BUMDES'!$B$31:$B$32,B36,'CTH BUMDES'!$G$31:$G$32) -> 0 | I36: =SUMIF('CTH BUMDES'!$B$40:$B$42,B36,'CTH BUMDES'!$G$40:$G$42) -> 0 | J36: =SUMIF('CTH BUMDES'!$B$50:$B$52,B36,'CTH BUMDES'!$G$50:$G$52) -> 0 | K36: =SUM(D36:J36) -> 0
B38: 3000 | C38: HUTANG SHU BELUM DI BAGI | E38: =SUM(E39:E41) -> 0 | F38: =SUM(F39:F41) -> 0 | G38: =SUM(G39:G41) -> 0 | H38: =SUM(H39:H41) -> 0 | I38: =SUM(I39:I41) -> 0 | J38: =SUM(J39:J41) -> 0 | K38: =SUM(K39:K41) -> 0
B39: 3001 | C39: SHU DESA | E39: =SUMIF('CTH BUMDES'!$B$7:$B$8,B39,'CTH BUMDES'!$G$7:$G$8) -> 0 | F39: =SUMIF('CTH BUMDES'!$B$15:$B$16,B39,'CTH BUMDES'!$G$15:$G$16) -> 0 | G39: =SUMIF('CTH BUMDES'!$B$23:$B$24,B39,'CTH BUMDES'!$G$23:$G$24) -> 0 | H39: =SUMIF('CTH BUMDES'!$B$31:$B$32,B39,'CTH BUMDES'!$G$31:$G$32) -> 0 | I39: =SUMIF('CTH BUMDES'!$B$40:$B$42,B39,'CTH BUMDES'!$G$40:$G$42) -> 0 | J39: =SUMIF('CTH BUMDES'!$B$50:$B$52,B39,'CTH BUMDES'!$G$50:$G$52) -> 0 | K39: =SUM(D39:J39) -> 0
B40: 3002 | C40: SHU PENGURUS | E40: =SUMIF('CTH BUMDES'!$B$7:$B$8,B40,'CTH BUMDES'!$G$7:$G$8) -> 0 | F40: =SUMIF('CTH BUMDES'!$B$15:$B$16,B40,'CTH BUMDES'!$G$15:$G$16) -> 0 | G40: =SUMIF('CTH BUMDES'!$B$23:$B$24,B40,'CTH BUMDES'!$G$23:$G$24) -> 0 | H40: =SUMIF('CTH BUMDES'!$B$31:$B$32,B40,'CTH BUMDES'!$G$31:$G$32) -> 0 | I40: =SUMIF('CTH BUMDES'!$B$40:$B$42,B40,'CTH BUMDES'!$G$40:$G$42) -> 0 | J40: =SUMIF('CTH BUMDES'!$B$50:$B$52,B40,'CTH BUMDES'!$G$50:$G$52) -> 0 | K40: =SUM(D40:J40) -> 0
B41: 3003 | C41: SHU PEMBINA/PENGAWAS | E41: =SUMIF('CTH BUMDES'!$B$7:$B$8,B41,'CTH BUMDES'!$G$7:$G$8) -> 0 | F41: =SUMIF('CTH BUMDES'!$B$15:$B$16,B41,'CTH BUMDES'!$G$15:$G$16) -> 0 | G41: =SUMIF('CTH BUMDES'!$B$23:$B$24,B41,'CTH BUMDES'!$G$23:$G$24) -> 0 | H41: =SUMIF('CTH BUMDES'!$B$31:$B$32,B41,'CTH BUMDES'!$G$31:$G$32) -> 0 | I41: =SUMIF('CTH BUMDES'!$B$40:$B$42,B41,'CTH BUMDES'!$G$40:$G$42) -> 0 | J41: =SUMIF('CTH BUMDES'!$B$50:$B$52,B41,'CTH BUMDES'!$G$50:$G$52) -> 0 | K41: =SUM(D41:J41) -> 0
B43: 4000 | C43: PAJAK TERHUTANG | E43: =SUM(E44:E45) -> 0 | F43: =SUM(F44:F45) -> 0 | G43: =SUM(G44:G45) -> 0 | H43: =SUM(H44:H45) -> 0 | I43: =SUM(I44:I45) -> 0 | J43: =SUM(J44:J45) -> 0 | K43: =SUM(K44:K45) -> 0
B44: 4001 | C44: Penyetoran Pajak Terhutang | E44: =SUMIF('CTH BUMDES'!$B$7:$B$8,B44,'CTH BUMDES'!$G$7:$G$8) -> 0 | F44: =SUMIF('CTH BUMDES'!$B$15:$B$16,B44,'CTH BUMDES'!$G$15:$G$16) -> 0 | G44: =SUMIF('CTH BUMDES'!$B$23:$B$24,B44,'CTH BUMDES'!$G$23:$G$24) -> 0 | H44: =SUMIF('CTH BUMDES'!$B$31:$B$32,B44,'CTH BUMDES'!$G$31:$G$32) -> 0 | I44: =SUMIF('CTH BUMDES'!$B$40:$B$42,B44,'CTH BUMDES'!$G$40:$G$42) -> 0 | J44: =SUMIF('CTH BUMDES'!$B$50:$B$52,B44,'CTH BUMDES'!$G$50:$G$52) -> 0 | K44: =SUM(D44:J44) -> 0
E45: =SUMIF('CTH BUMDES'!$B$7:$B$8,B45,'CTH BUMDES'!$G$7:$G$8) -> 0 | F45: =SUMIF('CTH BUMDES'!$B$15:$B$16,B45,'CTH BUMDES'!$G$15:$G$16) -> 0 | G45: =SUMIF('CTH BUMDES'!$B$23:$B$24,B45,'CTH BUMDES'!$G$23:$G$24) -> 0 | H45: =SUMIF('CTH BUMDES'!$B$26:$B$31,B45,'CTH BUMDES'!$G$26:$G$31) -> 0 | I45: =SUMIF('CTH BUMDES'!$B$40:$B$42,B45,'CTH BUMDES'!$G$40:$G$42) -> 0 | J45: =SUMIF('CTH BUMDES'!$B$50:$B$52,B45,'CTH BUMDES'!$G$50:$G$52) -> 0 | K45: =SUM(E45:J45) -> 0
C46: JUMLAH | E46: =E38+E21+E34+E43 -> 0 | F46: =F38+F21+F34+F43 -> 0 | G46: =G38+G21+G34+G43 -> 0 | H46: =H38+H21+H34+H43 -> 0 | I46: =I38+I21+I34+I43 -> 600000 | J46: =J38+J21+J34+J43 -> 0 | K46: =K38+K21+K34+K43 -> 600000
C47: SURPLUS / DEVISIT | E47: =E19-E46 -> 0 | F47: =F19-F46 -> 0 | G47: =G19-G46 -> 0 | H47: =H19-H46 -> 0 | I47: =I19-I46 -> -600000 | J47: =J19-J46 -> 0 | K47: =K19-K46 -> -600000
E48: ='CTH BUMDES'!I9 -> 0 | F48: ='CTH BUMDES'!I17 -> 0 | G48: ='CTH BUMDES'!I25 -> 0 | H48: ='CTH BUMDES'!I33 -> 0 | I48: ='CTH BUMDES'!I43 -> 600000 | J48: ='CTH BUMDES'!I53 -> 0
E49: =E46-E48 -> 0 | F49: =F46-F48 -> 0 | G49: =G46-G48 -> 0 | H49: =H46-H48 -> 0 | I49: =I46-I48 -> 0 | J49: =J46-J48 -> 0
B50: CASH FLOW
B51: BUMDES "BAROKAH" BALONGBESUK DIWEK JOMBANG
B52: TAHUN ANGGARAN 2023
B56: CODE | C56: URAIAN | D56: S/D JUNI | E56: 2025 | K56: TOTAL
E57: Juli | F57: Agustus | G57: September | H57: Oktober | I57: Nopember | J57: Desember
B59: 1000 | C59: DANA AWAL | K59: =SUM(K60) -> 216700000
B60: 1002 | C60: Penyertaan Modal Desa | J60: =SUMIF('CTH BUMDES'!$B$121:$B$129,B60,'CTH BUMDES'!$F$121:$F$129) -> 216700000 | K60: =SUM(D60:J60) -> 216700000
B62: 2000 | C62: PENDAPATAN/SETORAN | D62: =SUM(D63:D66) -> 0 | E62: =SUM(E63:E66) -> 0 | F62: =SUM(F63:F66) -> 0 | G62: =SUM(G63:G66) -> 0 | H62: =SUM(H63:H66) -> 0 | I62: =SUM(I63:I66) -> 0 | J62: =SUM(J63:J66) -> 35053150 | K62: =SUM(K63:K66) -> 35053150
B63: 2001 | C63: Simpan Pinjam | D63: =K14 -> 0 | E63: =SUMIF('CTH BUMDES'!$B$60:$B$62,B63,'CTH BUMDES'!$F$60:$F$62) -> 0 | F63: =SUMIF('CTH BUMDES'!$B$70:$B$72,B63,'CTH BUMDES'!$F$70:$F$72) -> 0 | G63: =SUMIF('CTH BUMDES'!$B$80:$B$92,B63,'CTH BUMDES'!$F$80:$F$92) -> 0 | H63: =SUMIF('CTH BUMDES'!$B$100:$B$102,B63,'CTH BUMDES'!$F$100:$F$102) -> 0 | I63: =SUMIF('CTH BUMDES'!$B$110:$B$113,B63,'CTH BUMDES'!$F$110:$F$113) -> 0 | J63: =SUMIF('CTH BUMDES'!$B$121:$B$129,B63,'CTH BUMDES'!$F$121:$F$129) -> 10880000 | K63: =SUM(D63:J63) -> 10880000
B64: 2002 | C64: Penarikan Setoran dari Unit GSG | D64: =K15 -> 0 | E64: =SUMIF('CTH BUMDES'!$B$60:$B$62,B64,'CTH BUMDES'!$F$60:$F$62) -> 0 | F64: =SUMIF('CTH BUMDES'!$B$70:$B$72,B64,'CTH BUMDES'!$F$70:$F$72) -> 0 | G64: =SUMIF('CTH BUMDES'!$B$80:$B$92,B64,'CTH BUMDES'!$F$80:$F$92) -> 0 | H64: =SUMIF('CTH BUMDES'!$B$100:$B$102,B64,'CTH BUMDES'!$F$100:$F$102) -> 0 | I64: =SUMIF('CTH BUMDES'!$B$110:$B$113,B64,'CTH BUMDES'!$F$110:$F$113) -> 0 | J64: =SUMIF('CTH BUMDES'!$B$121:$B$129,B64,'CTH BUMDES'!$F$121:$F$129) -> 6880000 | K64: =SUM(D64:J64) -> 6880000
B65: 2003 | C65: LAPAK | D65: =K16 -> 0 | E65: =SUMIF('CTH BUMDES'!$B$60:$B$62,B65,'CTH BUMDES'!$F$60:$F$62) -> 0 | F65: =SUMIF('CTH BUMDES'!$B$70:$B$72,B65,'CTH BUMDES'!$F$70:$F$72) -> 0 | G65: =SUMIF('CTH BUMDES'!$B$80:$B$92,B65,'CTH BUMDES'!$F$80:$F$92) -> 0 | H65: =SUMIF('CTH BUMDES'!$B$100:$B$102,B65,'CTH BUMDES'!$F$100:$F$102) -> 0 | I65: =SUMIF('CTH BUMDES'!$B$110:$B$113,B65,'CTH BUMDES'!$F$110:$F$113) -> 0 | J65: =SUMIF('CTH BUMDES'!$B$121:$B$129,B65,'CTH BUMDES'!$F$121:$F$129) -> 15203300 | K65: =SUM(D65:J65) -> 15203300
B66: 2004 | C66: PPOB | D66: =K17 -> 0 | E66: =SUMIF('CTH BUMDES'!$B$60:$B$62,B66,'CTH BUMDES'!$F$60:$F$62) -> 0 | F66: =SUMIF('CTH BUMDES'!$B$70:$B$72,B66,'CTH BUMDES'!$F$70:$F$72) -> 0 | G66: =SUMIF('CTH BUMDES'!$B$80:$B$92,B66,'CTH BUMDES'!$F$80:$F$92) -> 0 | H66: =SUMIF('CTH BUMDES'!$B$100:$B$102,B66,'CTH BUMDES'!$F$100:$F$102) -> 0 | I66: =SUMIF('CTH BUMDES'!$B$110:$B$113,B66,'CTH BUMDES'!$F$110:$F$113) -> 0 | J66: =SUMIF('CTH BUMDES'!$B$121:$B$129,B66,'CTH BUMDES'!$F$121:$F$129) -> 2089850 | K66: =SUM(D66:J66) -> 2089850
C67: TOTAL MASUK | D67: =D59+D62 -> 0 | E67: =E59+E62 -> 0 | F67: =F59+F62 -> 0 | G67: =G59+G62 -> 0 | H67: =H59+H62 -> 0 | I67: =I59+I62 -> 0 | J67: =J59+J62 -> 35053150 | K67: =K59+K62 -> 251753150
E68: =SUMIF('cth sp'!$B$9:$B$84,B68,'cth sp'!$E$9:$E$84) -> 0 | K68: =SUM(E68:G68) -> 0
B69: 5000 | C69: BELANJA | D69: =D70 -> 600000 | E69: =E70 -> 0 | F69: =F70 -> 0 | G69: =G70 -> 702000 | H69: =H70 -> 0 | I69: =I70 -> 0 | J69: =J70 -> 400000 | K69: =K70 -> 1702000
B70: 5100 | C70: Operasional | D70: =SUM(D71:D80) -> 600000 | E70: =SUM(E71:E80) -> 0 | F70: =SUM(F71:F80) -> 0 | G70: =SUM(G71:G80) -> 702000 | H70: =SUM(H71:H80) -> 0 | I70: =SUM(I71:I80) -> 0 | J70: =SUM(J71:J80) -> 400000 | K70: =SUM(K71:K80) -> 1702000
B71: 5101 | C71: Gaji/Honor Pegawai | D71: =K23 -> 0 | E71: =SUMIF('CTH BUMDES'!$B$60:$B$62,B71,'CTH BUMDES'!$G$60:$G$62) -> 0 | F71: =SUMIF('CTH BUMDES'!$B$70:$B$72,B71,'CTH BUMDES'!$G$70:$G$72) -> 0 | G71: =SUMIF('CTH BUMDES'!$B$80:$B$92,B71,'CTH BUMDES'!$G$80:$G$92) -> 0 | H71: =SUMIF('CTH BUMDES'!$B$100:$B$102,B71,'CTH BUMDES'!$G$100:$G$102) -> 0 | I71: =SUMIF('CTH BUMDES'!$B$110:$B$113,B71,'CTH BUMDES'!$G$110:$G$113) -> 0 | J71: =SUMIF('CTH BUMDES'!$B$121:$B$129,B71,'CTH BUMDES'!$G$121:$G$129) -> 0 | K71: =SUM(D71:J71) -> 0
B72: 5102 | C72: Biaya Rapat-Rapat | D72: =K24 -> 0 | E72: =SUMIF('CTH BUMDES'!$B$60:$B$62,B72,'CTH BUMDES'!$G$60:$G$62) -> 0 | F72: =SUMIF('CTH BUMDES'!$B$70:$B$72,B72,'CTH BUMDES'!$G$70:$G$72) -> 0 | G72: =SUMIF('CTH BUMDES'!$B$80:$B$92,B72,'CTH BUMDES'!$G$80:$G$92) -> 450000 | H72: =SUMIF('CTH BUMDES'!$B$100:$B$102,B72,'CTH BUMDES'!$G$100:$G$102) -> 0 | I72: =SUMIF('CTH BUMDES'!$B$110:$B$113,B72,'CTH BUMDES'!$G$110:$G$113) -> 0 | J72: =SUMIF('CTH BUMDES'!$B$121:$B$129,B72,'CTH BUMDES'!$G$121:$G$129) -> 0 | K72: =SUM(D72:J72) -> 450000
B73: 5103 | C73: Kebersihan dan Peralatan Kebersihan | D73: =K25 -> 0 | E73: =SUMIF('CTH BUMDES'!$B$60:$B$62,B73,'CTH BUMDES'!$G$60:$G$62) -> 0 | F73: =SUMIF('CTH BUMDES'!$B$70:$B$72,B73,'CTH BUMDES'!$G$70:$G$72) -> 0 | G73: =SUMIF('CTH BUMDES'!$B$80:$B$92,B73,'CTH BUMDES'!$G$80:$G$92) -> 0 | H73: =SUMIF('CTH BUMDES'!$B$100:$B$102,B73,'CTH BUMDES'!$G$100:$G$102) -> 0 | I73: =SUMIF('CTH BUMDES'!$B$110:$B$113,B73,'CTH BUMDES'!$G$110:$G$113) -> 0 | J73: =SUMIF('CTH BUMDES'!$B$121:$B$129,B73,'CTH BUMDES'!$G$121:$G$129) -> 0 | K73: =SUM(D73:J73) -> 0
B74: 5104 | C74: Foto Cop, Cetak dan ATK | D74: =K26 -> 0 | E74: =SUMIF('CTH BUMDES'!$B$60:$B$62,B74,'CTH BUMDES'!$G$60:$G$62) -> 0 | F74: =SUMIF('CTH BUMDES'!$B$70:$B$72,B74,'CTH BUMDES'!$G$70:$G$72) -> 0 | G74: =SUMIF('CTH BUMDES'!$B$80:$B$92,B74,'CTH BUMDES'!$G$80:$G$92) -> 52000 | H74: =SUMIF('CTH BUMDES'!$B$100:$B$102,B74,'CTH BUMDES'!$G$100:$G$102) -> 0 | I74: =SUMIF('CTH BUMDES'!$B$110:$B$113,B74,'CTH BUMDES'!$G$110:$G$113) -> 0 | J74: =SUMIF('CTH BUMDES'!$B$121:$B$129,B74,'CTH BUMDES'!$G$121:$G$129) -> 300000 | K74: =SUM(D74:J74) -> 352000
B75: 5105 | C75: Listrik dan Perlengkapan listrik | D75: =K27 -> 0 | E75: =SUMIF('CTH BUMDES'!$B$60:$B$62,B75,'CTH BUMDES'!$G$60:$G$62) -> 0 | F75: =SUMIF('CTH BUMDES'!$B$70:$B$72,B75,'CTH BUMDES'!$G$70:$G$72) -> 0 | G75: =SUMIF('CTH BUMDES'!$B$80:$B$92,B75,'CTH BUMDES'!$G$80:$G$92) -> 0 | H75: =SUMIF('CTH BUMDES'!$B$100:$B$102,B75,'CTH BUMDES'!$G$100:$G$102) -> 0 | I75: =SUMIF('CTH BUMDES'!$B$110:$B$113,B75,'CTH BUMDES'!$G$110:$G$113) -> 0 | J75: =SUMIF('CTH BUMDES'!$B$121:$B$129,B75,'CTH BUMDES'!$G$121:$G$129) -> 0 | K75: =SUM(D75:J75) -> 0
B76: 5106 | C76: transportasi | D76: =K28 -> 600000 | E76: =SUMIF('CTH BUMDES'!$B$60:$B$62,B76,'CTH BUMDES'!$G$60:$G$62) -> 0 | F76: =SUMIF('CTH BUMDES'!$B$70:$B$72,B76,'CTH BUMDES'!$G$70:$G$72) -> 0 | G76: =SUMIF('CTH BUMDES'!$B$80:$B$92,B76,'CTH BUMDES'!$G$80:$G$92) -> 200000 | H76: =SUMIF('CTH BUMDES'!$B$100:$B$102,B76,'CTH BUMDES'!$G$100:$G$102) -> 0 | I76: =SUMIF('CTH BUMDES'!$B$110:$B$113,B76,'CTH BUMDES'!$G$110:$G$113) -> 0 | J76: =SUMIF('CTH BUMDES'!$B$121:$B$129,B76,'CTH BUMDES'!$G$121:$G$129) -> 0 | K76: =SUM(D76:J76) -> 800000
B77: 5107 | C77: Perlengkapan | D77: =K29 -> 0 | E77: =SUMIF('CTH BUMDES'!$B$60:$B$62,B77,'CTH BUMDES'!$G$60:$G$62) -> 0 | F77: =SUMIF('CTH BUMDES'!$B$70:$B$72,B77,'CTH BUMDES'!$G$70:$G$72) -> 0 | G77: =SUMIF('CTH BUMDES'!$B$80:$B$92,B77,'CTH BUMDES'!$G$80:$G$92) -> 0 | H77: =SUMIF('CTH BUMDES'!$B$100:$B$102,B77,'CTH BUMDES'!$G$100:$G$102) -> 0 | I77: =SUMIF('CTH BUMDES'!$B$110:$B$113,B77,'CTH BUMDES'!$G$110:$G$113) -> 0 | J77: =SUMIF('CTH BUMDES'!$B$121:$B$129,B77,'CTH BUMDES'!$G$121:$G$129) -> 0 | K77: =SUM(D77:J77) -> 0
B78: 5108 | C78: Kegiatan lain | D78: =K30 -> 0 | E78: =SUMIF('CTH BUMDES'!$B$60:$B$62,B78,'CTH BUMDES'!$G$60:$G$62) -> 0 | F78: =SUMIF('CTH BUMDES'!$B$70:$B$72,B78,'CTH BUMDES'!$G$70:$G$72) -> 0 | G78: =SUMIF('CTH BUMDES'!$B$80:$B$92,B78,'CTH BUMDES'!$G$80:$G$92) -> 0 | H78: =SUMIF('CTH BUMDES'!$B$100:$B$102,B78,'CTH BUMDES'!$G$100:$G$102) -> 0 | I78: =SUMIF('CTH BUMDES'!$B$110:$B$113,B78,'CTH BUMDES'!$G$110:$G$113) -> 0 | J78: =SUMIF('CTH BUMDES'!$B$121:$B$129,B78,'CTH BUMDES'!$G$121:$G$129) -> 0 | K78: =SUM(D78:J78) -> 0
B79: 5109 | C79: Perawaan Lain-Lain | D79: =K31 -> 0 | E79: =SUMIF('CTH BUMDES'!$B$60:$B$62,B79,'CTH BUMDES'!$G$60:$G$62) -> 0 | F79: =SUMIF('CTH BUMDES'!$B$70:$B$72,B79,'CTH BUMDES'!$G$70:$G$72) -> 0 | G79: =SUMIF('CTH BUMDES'!$B$80:$B$92,B79,'CTH BUMDES'!$G$80:$G$92) -> 0 | H79: =SUMIF('CTH BUMDES'!$B$100:$B$102,B79,'CTH BUMDES'!$G$100:$G$102) -> 0 | I79: =SUMIF('CTH BUMDES'!$B$110:$B$113,B79,'CTH BUMDES'!$G$110:$G$113) -> 0 | J79: =SUMIF('CTH BUMDES'!$B$121:$B$129,B79,'CTH BUMDES'!$G$121:$G$129) -> 100000 | K79: =SUM(D79:J79) -> 100000
B80: 5110 | C80: Perawatan Gedung | D80: =K32 -> 0 | E80: =SUMIF('CTH BUMDES'!$B$60:$B$62,B80,'CTH BUMDES'!$G$60:$G$62) -> 0 | F80: =SUMIF('CTH BUMDES'!$B$70:$B$72,B80,'CTH BUMDES'!$G$70:$G$72) -> 0 | G80: =SUMIF('CTH BUMDES'!$B$80:$B$92,B80,'CTH BUMDES'!$G$80:$G$92) -> 0 | H80: =SUMIF('CTH BUMDES'!$B$100:$B$102,B80,'CTH BUMDES'!$G$100:$G$102) -> 0 | I80: =SUMIF('CTH BUMDES'!$B$110:$B$113,B80,'CTH BUMDES'!$G$110:$G$113) -> 0 | J80: =SUMIF('CTH BUMDES'!$B$121:$B$129,B80,'CTH BUMDES'!$G$121:$G$129) -> 0 | K80: =SUM(D80:J80) -> 0
K81: =SUM(D81:J81) -> 0
B82: 5200 | C82: PERLENGKAPAN | D82: =SUM(D83:D84) -> 0 | E82: =SUM(E83:E84) -> 0 | F82: =SUM(F83:F84) -> 0 | G82: =SUM(G83:G84) -> 0 | H82: =SUM(H83:H84) -> 0 | I82: =SUM(I83:I84) -> 0 | J82: =SUM(J83:J84) -> 0 | K82: =SUM(K83:K84) -> 0
B83: 5201 | C83: KIPAS ANGIN | D83: =K35 -> 0 | E83: =SUMIF('CTH BUMDES'!$B$60:$B$62,B83,'CTH BUMDES'!$G$60:$G$62) -> 0 | F83: =SUMIF('CTH BUMDES'!$B$70:$B$72,B83,'CTH BUMDES'!$G$70:$G$72) -> 0 | G83: =SUMIF('CTH BUMDES'!$B$80:$B$92,B83,'CTH BUMDES'!$G$80:$G$92) -> 0 | H83: =SUMIF('CTH BUMDES'!$B$100:$B$102,B83,'CTH BUMDES'!$G$100:$G$102) -> 0 | I83: =SUMIF('CTH BUMDES'!$B$110:$B$113,B83,'CTH BUMDES'!$G$110:$G$113) -> 0 | J83: =SUMIF('CTH BUMDES'!$B$121:$B$129,B83,'CTH BUMDES'!$G$121:$G$129) -> 0 | K83: =SUM(D83:J83) -> 0
B84: 5202 | C84: Meja | D84: =K36 -> 0 | K84: =SUM(D84:J84) -> 0
B86: 3000 | C86: HUTANG SHU BELUM DI BAGI | D86: =SUM(D87:D89) -> 0 | E86: =SUM(E87:E89) -> 0 | F86: =SUM(F87:F89) -> 0 | G86: =SUM(G87:G89) -> 8133639.9 | H86: =SUM(H87:H89) -> 0 | I86: =SUM(I87:I89) -> 0 | J86: =SUM(J87:J89) -> 0 | K86: =SUM(K87:K89) -> 8133639.9
B87: 3001 | C87: SHU DESA | D87: =K39 -> 0 | E87: =SUMIF('CTH BUMDES'!$B$60:$B$62,B87,'CTH BUMDES'!$G$60:$G$62) -> 0 | F87: =SUMIF('CTH BUMDES'!$B$70:$B$72,B87,'CTH BUMDES'!$G$70:$G$72) -> 0 | G87: =SUMIF('CTH BUMDES'!$B$80:$B$92,B87,'CTH BUMDES'!$G$80:$G$92) -> 3128015 | H87: =SUMIF('CTH BUMDES'!$B$100:$B$102,B87,'CTH BUMDES'!$G$100:$G$102) -> 0 | I87: =SUMIF('CTH BUMDES'!$B$110:$B$113,B87,'CTH BUMDES'!$G$110:$G$113) -> 0 | J87: =SUMIF('CTH BUMDES'!$B$121:$B$129,B87,'CTH BUMDES'!$G$121:$G$129) -> 0 | K87: =SUM(D87:J87) -> 3128015
B88: 3002 | C88: SHU PENGURUS | D88: =K40 -> 0 | E88: =SUMIF('CTH BUMDES'!$B$60:$B$62,B88,'CTH BUMDES'!$G$60:$G$62) -> 0 | F88: =SUMIF('CTH BUMDES'!$B$70:$B$72,B88,'CTH BUMDES'!$G$70:$G$72) -> 0 | G88: =SUMIF('CTH BUMDES'!$B$80:$B$92,B88,'CTH BUMDES'!$G$80:$G$92) -> 3754424.9 | H88: =SUMIF('CTH BUMDES'!$B$100:$B$102,B88,'CTH BUMDES'!$G$100:$G$102) -> 0 | I88: =SUMIF('CTH BUMDES'!$B$110:$B$113,B88,'CTH BUMDES'!$G$110:$G$113) -> 0 | J88: =SUMIF('CTH BUMDES'!$B$121:$B$129,B88,'CTH BUMDES'!$G$121:$G$129) -> 0 | K88: =SUM(D88:J88) -> 3754424.9
B89: 3003 | C89: SHU PEMBINA/PENGAWAS | D89: =K41 -> 0 | E89: =SUMIF('CTH BUMDES'!$B$60:$B$62,B89,'CTH BUMDES'!$G$60:$G$62) -> 0 | F89: =SUMIF('CTH BUMDES'!$B$70:$B$72,B89,'CTH BUMDES'!$G$70:$G$72) -> 0 | G89: =SUMIF('CTH BUMDES'!$B$80:$B$92,B89,'CTH BUMDES'!$G$80:$G$92) -> 1251200 | H89: =SUMIF('CTH BUMDES'!$B$100:$B$102,B89,'CTH BUMDES'!$G$100:$G$102) -> 0 | I89: =SUMIF('CTH BUMDES'!$B$110:$B$113,B89,'CTH BUMDES'!$G$110:$G$113) -> 0 | J89: =SUMIF('CTH BUMDES'!$B$121:$B$129,B89,'CTH BUMDES'!$G$121:$G$129) -> 0 | K89: =SUM(D89:J89) -> 1251200
D90: =K42 -> 0
B91: 4000 | C91: PAJAK TERHUTANG | D91: =SUM(D92) -> 0 | E91: =SUM(E92) -> 0 | F91: =SUM(F92) -> 0 | G91: =SUM(G92) -> 0 | H91: =SUM(H92) -> 0 | I91: =SUM(I92) -> 0 | J91: =SUM(J92) -> 0 | K91: =SUM(K92) -> 0
B92: 4001 | C92: Penyetoran Pajak Terhutang | D92: =K43 -> 0 | E92: =SUMIF('CTH BUMDES'!$B$60:$B$62,B92,'CTH BUMDES'!$G$60:$G$62) -> 0 | F92: =SUMIF('CTH BUMDES'!$B$70:$B$72,B92,'CTH BUMDES'!$G$70:$G$72) -> 0 | G92: =SUMIF('CTH BUMDES'!$B$80:$B$92,B92,'CTH BUMDES'!$G$80:$G$92) -> 0 | H92: =SUMIF('CTH BUMDES'!$B$100:$B$102,B92,'CTH BUMDES'!$G$100:$G$102) -> 0 | I92: =SUMIF('CTH BUMDES'!$B$110:$B$113,B92,'CTH BUMDES'!$G$110:$G$113) -> 0 | J92: =SUMIF('CTH BUMDES'!$B$121:$B$129,B92,'CTH BUMDES'!$G$121:$G$129) -> 0 | K92: =SUM(D92:J92) -> 0
E93: =SUMIF('CTH BUMDES'!$B$60:$B$62,B93,'CTH BUMDES'!$G$60:$G$62) -> 0 | F93: =SUMIF('CTH BUMDES'!$B$70:$B$72,B93,'CTH BUMDES'!$G$70:$G$72) -> 0 | G93: =SUMIF('CTH BUMDES'!$B$80:$B$92,B93,'CTH BUMDES'!$G$80:$G$92) -> 0 | H93: =SUMIF('CTH BUMDES'!$B$100:$B$102,B93,'CTH BUMDES'!$G$100:$G$102) -> 0 | I93: =SUMIF('CTH BUMDES'!$B$110:$B$113,B93,'CTH BUMDES'!$G$110:$G$113) -> 0 | J93: =SUMIF('CTH BUMDES'!$B$121:$B$129,B93,'CTH BUMDES'!$G$121:$G$129) -> 0 | K93: =SUM(D93:J93) -> 0
C94: JUMLAH | D94: =D86+D69+D82+D91 -> 600000 | E94: =E86+E69+E82+E91 -> 0 | F94: =F86+F69+F82+F91 -> 0 | G94: =G86+G69+G82+G91 -> 8835639.9 | H94: =H86+H69+H82+H91 -> 0 | I94: =I86+I69+I82+I91 -> 0 | J94: =J86+J69+J82+J91 -> 400000 | K94: =K86+K69+K82+K91 -> 9835639.9
C95: SURPLUS / DEVISIT | D95: =D67-D94 -> -600000 | E95: =E67-E94 -> 0 | F95: =F67-F94 -> 0 | G95: =G67-G94 -> -8835639.9 | H95: =H67-H94 -> 0 | I95: =I67-I94 -> 0 | J95: =J67-J94 -> 34653150 | K95: =K67-K94 -> 2.4191751e+08
J96: ='CTH BUMDES'!I130 -> 8400000
C99: SALDO TAHUN LALU | E99: 52884579
C100: PENDAPATAN
C101: Penyertaan Modal Desa | E101: =K60 -> 216700000
C102: Hasil Usaha | E102: =K62 -> 35053150
C104: TOTAL | E104: =SUM(E99:E103) -> 3.0463773e+08
C106: PENGELUARAN
C108: Operasioal | E108: =K69 -> 1702000
C109: perlengkapan | E109: =K82 -> 0
C110: piutang | E110: =K86 -> 8133639.9
C111: Modal Usaha Jasa SP | E111: =K91 -> 0
C112: TOTAL | E112: =SUM(E108:E111) -> 9835639.9
C114: Bunga bank | E114: =BANK!C23 -> 379175.86
C115: Admin/Pajak Atas Bunga Bank | E115: =BANK!D23+BANK!E23 -> 130833.76
C116: jumlah | E116: =E114-E115 -> 248342.1
C117: TOTAL LEBIH/KURANG | E117: =(E104-E112)+E116 -> 2.9505043e+08
C119: KAS | E119: ='CTH BUMDES'!H132 -> 51519148
C120: BANK | E120: ='CTH BUMDES'!K132+(BANK!C23-BANK!D23-BANK!E23) -> 2.4353128e+08
E121: =SUM(E119:E120) -> 2.9505043e+08 | F121: ='CTH BUMDES'!K133 -> 2.9480209e+08
E122: =E121-E117 -> 0 | F122: =E121-F121 -> 248342.1
...

Sheet tabungan
A1: DAFTAR SIMPANAN POKOK
A2: BUMDES "BAROKAH" Balongbesuk Diwek Jombang
A3: sampai Desember 2024
A4: NO | B4: CODE | C4: NAMA | E4: TABUNGAN TAHUN 2022 | F4: Tahun 2025 | L4: MASUK | M4: KELUAR | N4: SISA TABUNGAN
F5: Mei | H5: Nopember
F6: MASUK | G6: KELUAR | H6: MASUK | I6: KELUAR | J6: MASUK | K6: KELUAR
B7: xxx | E7: 0 | F7: =SUMIF('cth sp'!$Q$9:$Q$107,B7,'cth sp'!$R$9:$R$107) -> 0 | G7: =SUMIF('cth sp'!$Q$9:$Q$107,B7,'cth sp'!$S$9:$S$107) -> 0 | H7: =SUMIF('cth sp'!$Q$114:$Q$158,B7,'cth sp'!$R$114:$R$158) -> 0 | I7: =SUMIF('cth sp'!$Q$114:$Q$158,B7,'cth sp'!$S$114:$S$158) -> 0 | J7: =SUMIF('cth sp'!$Q$159:$Q$389,B7,'cth sp'!$R$159:$R$389) -> 0 | K7: =SUMIF('cth sp'!$Q$159:$Q$389,B7,'cth sp'!$S$159:$S$389) -> 0 | L7: =F7+H7+J7 -> 0 | M7: =G7+I7+K7 -> 0 | N7: =E7+L7-M7 -> 0
A8: 1 | B8: P-001 | C8: Sri Jayanti | E8: 50000 | F8: =SUMIF('cth sp'!$Q$9:$Q$107,B8,'cth sp'!$R$9:$R$107) -> 0 | G8: =SUMIF('cth sp'!$Q$9:$Q$107,B8,'cth sp'!$S$9:$S$107) -> 0 | H8: =SUMIF('cth sp'!$Q$114:$Q$158,B8,'cth sp'!$R$114:$R$158) -> 0 | I8: =SUMIF('cth sp'!$Q$114:$Q$158,B8,'cth sp'!$S$114:$S$158) -> 0 | J8: =SUMIF('cth sp'!$Q$159:$Q$389,B8,'cth sp'!$R$159:$R$389) -> 0 | K8: =SUMIF('cth sp'!$Q$159:$Q$389,B8,'cth sp'!$S$159:$S$389) -> 0 | L8: =F8+H8+J8 -> 0 | M8: =G8+I8+K8 -> 0 | N8: =E8+L8-M8 -> 50000
A9: 2 | B9: P-002 | C9: Adi Kuswantoro | E9: 50000 | F9: =SUMIF('cth sp'!$Q$9:$Q$107,B9,'cth sp'!$R$9:$R$107) -> 0 | G9: =SUMIF('cth sp'!$Q$9:$Q$107,B9,'cth sp'!$S$9:$S$107) -> 0 | H9: =SUMIF('cth sp'!$Q$114:$Q$158,B9,'cth sp'!$R$114:$R$158) -> 0 | I9: =SUMIF('cth sp'!$Q$114:$Q$158,B9,'cth sp'!$S$114:$S$158) -> 0 | J9: =SUMIF('cth sp'!$Q$159:$Q$389,B9,'cth sp'!$R$159:$R$389) -> 0 | K9: =SUMIF('cth sp'!$Q$159:$Q$389,B9,'cth sp'!$S$159:$S$389) -> 0 | L9: =F9+H9+J9 -> 0 | M9: =G9+I9+K9 -> 0 | N9: =E9+L9-M9 -> 50000
A10: 3 | B10: P-003 | C10: Agus Ain | E10: 0 | F10: =SUMIF('cth sp'!$Q$9:$Q$107,B10,'cth sp'!$R$9:$R$107) -> 0 | G10: =SUMIF('cth sp'!$Q$9:$Q$107,B10,'cth sp'!$S$9:$S$107) -> 0 | H10: =SUMIF('cth sp'!$Q$114:$Q$158,B10,'cth sp'!$R$114:$R$158) -> 0 | J10: =SUMIF('cth sp'!$Q$159:$Q$389,B10,'cth sp'!$R$159:$R$389) -> 0 | K10: =SUMIF('cth sp'!$Q$159:$Q$389,B10,'cth sp'!$S$159:$S$389) -> 0 | L10: =F10+H10+J10 -> 0 | M10: =G10+I10+K10 -> 0 | N10: =E10+L10-M10 -> 0
A11: 4 | B11: P-004 | C11: Alimah | E11: 50000 | F11: =SUMIF('cth sp'!$Q$9:$Q$107,B11,'cth sp'!$R$9:$R$107) -> 0 | G11: =SUMIF('cth sp'!$Q$9:$Q$107,B11,'cth sp'!$S$9:$S$107) -> 0 | H11: =SUMIF('cth sp'!$Q$114:$Q$158,B11,'cth sp'!$R$114:$R$158) -> 0 | I11: =SUMIF('cth sp'!$Q$114:$Q$158,B11,'cth sp'!$S$114:$S$158) -> 0 | J11: =SUMIF('cth sp'!$Q$159:$Q$389,B11,'cth sp'!$R$159:$R$389) -> 0 | K11: =SUMIF('cth sp'!$Q$159:$Q$389,B11,'cth sp'!$S$159:$S$389) -> 0 | L11: =F11+H11+J11 -> 0 | M11: =G11+I11+K11 -> 0 | N11: =E11+L11-M11 -> 50000
A12: 5 | B12: P-005 | C12: Tri Yuliarsih | E12: 50000 | F12: =SUMIF('cth sp'!$Q$9:$Q$107,B12,'cth sp'!$R$9:$R$107) -> 0 | G12: =SUMIF('cth sp'!$Q$9:$Q$107,B12,'cth sp'!$S$9:$S$107) -> 0 | H12: =SUMIF('cth sp'!$Q$114:$Q$158,B12,'cth sp'!$R$114:$R$158) -> 0 | I12: =SUMIF('cth sp'!$Q$114:$Q$158,B12,'cth sp'!$S$114:$S$158) -> 0 | J12: =SUMIF('cth sp'!$Q$159:$Q$389,B12,'cth sp'!$R$159:$R$389) -> 0 | K12: =SUMIF('cth sp'!$Q$159:$Q$389,B12,'cth sp'!$S$159:$S$389) -> 0 | L12: =F12+H12+J12 -> 0 | M12: =G12+I12+K12 -> 0 | N12: =E12+L12-M12 -> 50000
A13: 6 | B13: P-006 | C13: Kuswinarti | E13: 50000 | F13: =SUMIF('cth sp'!$Q$9:$Q$107,B13,'cth sp'!$R$9:$R$107) -> 0 | G13: =SUMIF('cth sp'!$Q$9:$Q$107,B13,'cth sp'!$S$9:$S$107) -> 0 | H13: =SUMIF('cth sp'!$Q$114:$Q$158,B13,'cth sp'!$R$114:$R$158) -> 0 | I13: =SUMIF('cth sp'!$Q$114:$Q$158,B13,'cth sp'!$S$114:$S$158) -> 0 | J13: =SUMIF('cth sp'!$Q$159:$Q$389,B13,'cth sp'!$R$159:$R$389) -> 0 | K13: =SUMIF('cth sp'!$Q$159:$Q$389,B13,'cth sp'!$S$159:$S$389) -> 0 | L13: =F13+H13+J13 -> 0 | M13: =G13+I13+K13 -> 0 | N13: =E13+L13-M13 -> 50000
A14: 7 | B14: P-007 | C14: Hariyanto | E14: 50000 | F14: =SUMIF('cth sp'!$Q$9:$Q$107,B14,'cth sp'!$R$9:$R$107) -> 0 | G14: =SUMIF('cth sp'!$Q$9:$Q$107,B14,'cth sp'!$S$9:$S$107) -> 0 | H14: =SUMIF('cth sp'!$Q$114:$Q$158,B14,'cth sp'!$R$114:$R$158) -> 0 | I14: =SUMIF('cth sp'!$Q$114:$Q$158,B14,'cth sp'!$S$114:$S$158) -> 0 | J14: =SUMIF('cth sp'!$Q$159:$Q$389,B14,'cth sp'!$R$159:$R$389) -> 0 | K14: =SUMIF('cth sp'!$Q$159:$Q$389,B14,'cth sp'!$S$159:$S$389) -> 0 | L14: =F14+H14+J14 -> 0 | M14: =G14+I14+K14 -> 0 | N14: =E14+L14-M14 -> 50000
A15: 8 | B15: P-008 | C15: Giyanto | E15: 50000 | F15: =SUMIF('cth sp'!$Q$9:$Q$107,B15,'cth sp'!$R$9:$R$107) -> 0 | G15: =SUMIF('cth sp'!$Q$9:$Q$107,B15,'cth sp'!$S$9:$S$107) -> 0 | H15: =SUMIF('cth sp'!$Q$114:$Q$158,B15,'cth sp'!$R$114:$R$158) -> 0 | I15: =SUMIF('cth sp'!$Q$114:$Q$158,B15,'cth sp'!$S$114:$S$158) -> 50000 | J15: =SUMIF('cth sp'!$Q$159:$Q$389,B15,'cth sp'!$R$159:$R$389) -> 0 | K15: =SUMIF('cth sp'!$Q$159:$Q$389,B15,'cth sp'!$S$159:$S$389) -> 0 | L15: =F15+H15+J15 -> 0 | M15: =G15+I15+K15 -> 50000 | N15: =E15+L15-M15 -> 0
A16: 9 | B16: P-009 | C16: Imroatus Sholichah | E16: 0 | F16: =SUMIF('cth sp'!$Q$9:$Q$107,B16,'cth sp'!$R$9:$R$107) -> 0 | G16: =SUMIF('cth sp'!$Q$9:$Q$107,B16,'cth sp'!$S$9:$S$107) -> 0 | H16: =SUMIF('cth sp'!$Q$114:$Q$158,B16,'cth sp'!$R$114:$R$158) -> 0 | I16: =SUMIF('cth sp'!$Q$114:$Q$158,B16,'cth sp'!$S$114:$S$158) -> 0 | J16: =SUMIF('cth sp'!$Q$159:$Q$389,B16,'cth sp'!$R$159:$R$389) -> 0 | K16: =SUMIF('cth sp'!$Q$159:$Q$389,B16,'cth sp'!$S$159:$S$389) -> 0 | L16: =F16+H16+J16 -> 0 | M16: =G16+I16+K16 -> 0 | N16: =E16+L16-M16 -> 0
A17: 10 | B17: P-010 | C17: Teguh Prasetya | E17: 0 | F17: =SUMIF('cth sp'!$Q$9:$Q$107,B17,'cth sp'!$R$9:$R$107) -> 0 | G17: =SUMIF('cth sp'!$Q$9:$Q$107,B17,'cth sp'!$S$9:$S$107) -> 0 | H17: =SUMIF('cth sp'!$Q$114:$Q$158,B17,'cth sp'!$R$114:$R$158) -> 0 | I17: =SUMIF('cth sp'!$Q$114:$Q$158,B17,'cth sp'!$S$114:$S$158) -> 0 | J17: =SUMIF('cth sp'!$Q$159:$Q$389,B17,'cth sp'!$R$159:$R$389) -> 0 | K17: =SUMIF('cth sp'!$Q$159:$Q$389,B17,'cth sp'!$S$159:$S$389) -> 0 | L17: =F17+H17+J17 -> 0 | M17: =G17+I17+K17 -> 0 | N17: =E17+L17-M17 -> 0
A18: 11 | B18: P-011 | C18: Djayos | E18: 50000 | F18: =SUMIF('cth sp'!$Q$9:$Q$107,B18,'cth sp'!$R$9:$R$107) -> 0 | G18: =SUMIF('cth sp'!$Q$9:$Q$107,B18,'cth sp'!$S$9:$S$107) -> 0 | H18: =SUMIF('cth sp'!$Q$114:$Q$158,B18,'cth sp'!$R$114:$R$158) -> 0 | I18: =SUMIF('cth sp'!$Q$114:$Q$158,B18,'cth sp'!$S$114:$S$158) -> 0 | J18: =SUMIF('cth sp'!$Q$159:$Q$389,B18,'cth sp'!$R$159:$R$389) -> 0 | K18: =SUMIF('cth sp'!$Q$159:$Q$389,B18,'cth sp'!$S$159:$S$389) -> 0 | L18: =F18+H18+J18 -> 0 | M18: =G18+I18+K18 -> 0 | N18: =E18+L18-M18 -> 50000
A19: 12 | B19: P-012 | C19: Sutriman | E19: 50000 | F19: =SUMIF('cth sp'!$Q$9:$Q$107,B19,'cth sp'!$R$9:$R$107) -> 0 | G19: =SUMIF('cth sp'!$Q$9:$Q$107,B19,'cth sp'!$S$9:$S$107) -> 0 | H19: =SUMIF('cth sp'!$Q$114:$Q$158,B19,'cth sp'!$R$114:$R$158) -> 0 | I19: =SUMIF('cth sp'!$Q$114:$Q$158,B19,'cth sp'!$S$114:$S$158) -> 0 | J19: =SUMIF('cth sp'!$Q$159:$Q$389,B19,'cth sp'!$R$159:$R$389) -> 0 | K19: =SUMIF('cth sp'!$Q$159:$Q$389,B19,'cth sp'!$S$159:$S$389) -> 0 | L19: =F19+H19+J19 -> 0 | M19: =G19+I19+K19 -> 0 | N19: =E19+L19-M19 -> 50000
A20: 13 | B20: P-013 | C20: Sasdji Abdullah | E20: 0 | F20: =SUMIF('cth sp'!$Q$9:$Q$107,B20,'cth sp'!$R$9:$R$107) -> 0 | G20: =SUMIF('cth sp'!$Q$9:$Q$107,B20,'cth sp'!$S$9:$S$107) -> 0 | H20: =SUMIF('cth sp'!$Q$114:$Q$158,B20,'cth sp'!$R$114:$R$158) -> 0 | I20: =SUMIF('cth sp'!$Q$114:$Q$158,B20,'cth sp'!$S$114:$S$158) -> 0 | J20: =SUMIF('cth sp'!$Q$159:$Q$389,B20,'cth sp'!$R$159:$R$389) -> 0 | K20: =SUMIF('cth sp'!$Q$159:$Q$389,B20,'cth sp'!$S$159:$S$389) -> 0 | L20: =F20+H20+J20 -> 0 | M20: =G20+I20+K20 -> 0 | N20: =E20+L20-M20 -> 0
